estudio,cantidad_anime,calificaciones_disponibles,calificacion_media,calificacion_mediana,calificacion_desviacion,calificacion_minima,calificacion_maxima,episodios_promedio,duracion_promedio,popularidad_promedio,popularidad_total,favoritos_promedio,favoritos_total
Toei Animation,77,54,69.43,71.5,9.7,49.0,90.0,13.57,38.11,8045.18,619479,255.95,19708
OLM,76,66,65.14,65.0,9.76,46.0,88.0,24.24,24.71,30346.75,2306353,1083.87,82374
J.C.STAFF,75,68,68.93,70.0,8.11,49.0,82.0,13.1,24.25,47579.12,3568434,895.97,67198
CloverWorks,67,62,71.15,74.0,10.71,49.0,87.0,7.79,29.18,80334.82,5382433,2888.85,193553
Ruo Hong Culture,67,45,60.11,61.0,6.0,50.0,71.0,78.15,9.1,480.34,32183,16.27,1090
TMS Entertainment,67,60,70.53,70.0,9.2,50.0,89.0,9.63,42.18,46802.09,3135740,1119.18,74985
MAPPA,64,61,72.87,74.0,10.56,49.0,90.0,7.16,32.32,111311.88,7123960,4731.02,302785
Sunrise,63,59,67.86,68.0,7.33,50.0,79.0,6.72,35.7,11449.06,721291,229.71,14472
LIDENFILMS,61,57,64.32,63.0,9.38,45.0,84.0,12.69,25.42,39603.85,2415835,972.56,59326
Production I.G,61,57,67.86,67.0,10.56,45.0,86.0,7.6,36.69,40261.31,2455940,1040.82,63490
A-1 Pictures,58,51,72.02,73.0,9.35,54.0,89.0,5.77,31.67,75142.41,4358260,2765.88,160421
T-REX,56,55,66.31,66.0,4.86,52.0,77.0,2.43,17.08,3074.39,172166,161.09,9021
AQUA ARIS,53,49,52.0,52.0,4.24,45.0,63.0,15.62,1.85,1233.91,65397,12.45,660
WIT STUDIO,53,48,68.23,69.0,10.17,46.0,84.0,8.77,20.85,50825.51,2693752,1545.87,81931
Sparkly Key Animation,52,46,74.67,76.0,5.3,59.0,80.0,20.84,24.08,1215.63,63213,52.29,2719
Studio DEEN,51,48,66.46,66.0,7.93,49.0,82.0,10.0,30.4,25110.33,1280627,462.76,23601
Seven,46,44,62.05,63.5,8.06,34.0,74.0,3.26,22.62,2707.37,124539,92.89,4273
SANZIGEN,44,43,67.02,67.0,8.48,52.0,82.0,4.16,27.95,4653.14,204738,146.75,6457
Soyep,43,23,56.7,55.0,5.13,46.0,66.0,113.1,10.94,373.7,16069,13.21,568
Fanworks,42,19,58.21,57.0,10.67,44.0,77.0,12.74,11.27,2138.02,89797,25.29,1062
Shin-Ei Animation,41,35,68.66,70.0,9.95,47.0,86.0,7.1,50.08,22052.41,904149,622.49,25522
Bandai Namco Pictures,41,36,68.78,73.0,11.07,49.0,91.0,12.55,33.48,25474.8,1044467,726.93,29804
Foch,34,29,65.86,69.0,6.38,53.0,74.0,21.26,20.52,1771.38,60227,48.09,1635
SILVER LINK.,34,34,68.82,69.5,6.56,50.0,83.0,12.29,27.41,69215.71,2353334,1347.76,45824
Studio KAI,34,32,68.69,69.5,8.18,52.0,83.0,8.36,18.45,22769.88,774176,614.24,20884
DLE,31,12,59.58,60.5,5.92,47.0,68.0,18.97,6.0,633.19,19629,6.58,204
Kinema Citrus,30,28,69.82,69.0,7.41,58.0,87.0,8.93,31.21,40170.5,1205115,937.3,28119
bones,29,29,75.0,76.0,7.44,59.0,87.0,9.69,34.45,111645.59,3237722,3126.07,90656
Nur,29,26,56.77,56.5,3.0,50.0,64.0,2.75,23.41,1108.28,32140,41.31,1198
Doga Kobo,29,29,70.97,71.0,9.22,48.0,86.0,9.3,23.89,63271.1,1834862,1919.0,55651
MADHOUSE,29,28,71.89,71.0,8.94,56.0,91.0,10.81,30.41,67155.9,1947521,3459.76,100333
Majin petit,28,26,53.35,52.5,6.25,45.0,71.0,2.88,16.95,1409.07,39454,51.93,1454
Yostar Pictures,27,22,66.23,68.0,6.55,50.0,77.0,5.22,10.78,12056.37,325522,235.44,6357
CG Year,27,16,61.38,62.0,4.54,52.0,68.0,18.26,19.56,450.81,12172,18.11,489
8-bit,27,27,73.59,74.0,6.06,55.0,83.0,9.89,34.63,80855.59,2183101,2228.44,60168
Zero-G,26,25,67.56,69.0,8.62,46.0,84.0,12.56,24.8,42491.35,1104775,815.42,21201
EMT Squared,25,25,64.32,66.0,6.25,48.0,72.0,11.25,20.84,36151.12,903778,616.56,15414
project No.9,25,25,66.0,68.0,7.5,52.0,78.0,10.96,24.12,54896.4,1372410,1126.28,28157
P.A.WORKS,25,25,70.64,71.0,6.51,60.0,81.0,9.08,41.4,38396.52,959913,967.84,24196
Passione,24,23,66.87,68.0,8.22,40.0,79.0,10.48,25.22,46800.62,1123215,906.83,21764
ENGI,24,22,64.14,63.5,8.83,50.0,83.0,13.54,19.38,37125.83,891020,704.29,16903
Wonder Cat Animation,23,19,65.95,68.0,7.21,55.0,77.0,22.0,19.41,712.43,16386,25.26,581
david production,22,20,71.4,72.0,9.14,51.0,88.0,11.1,28.8,62072.59,1365597,1425.82,31368
POLYGON PICTURES,22,19,60.74,60.0,6.86,47.0,73.0,5.14,42.38,4912.18,108068,65.73,1446
Imagica Infos,21,16,53.5,52.0,6.56,43.0,67.0,11.33,7.61,3852.86,80910,46.76,982
miHoYo Anime,21,19,65.16,65.0,5.61,53.0,78.0,1.43,3.05,564.67,11858,10.24,215
Studio 1st,21,21,65.19,66.0,4.92,54.0,76.0,1.89,22.24,2896.1,60818,122.95,2582
SynergySP,20,18,65.22,66.0,6.7,45.0,76.0,11.53,30.83,35260.05,705201,559.8,11196
Kyoto Animation,20,19,75.63,77.0,6.77,63.0,87.0,5.15,47.79,35155.55,703111,1011.8,20236
Lerche,20,20,75.2,76.5,5.75,60.0,84.0,6.85,29.75,57297.65,1145953,1750.35,35007
Shaft,20,18,70.33,69.5,7.33,61.0,86.0,6.53,24.83,23208.0,464160,359.85,7197
Studio PuYUKAI,20,18,67.83,69.0,6.14,48.0,74.0,14.39,10.45,9294.55,185891,106.3,2126
Tatsunoko Production,20,17,58.59,57.0,6.49,50.0,70.0,13.32,26.85,4727.9,94558,60.0,1200
FENZ,19,10,63.7,62.5,7.36,52.0,72.0,11.95,10.81,311.74,5923,7.79,148
TROYCA,19,17,68.82,70.0,7.95,58.0,83.0,7.06,26.29,13435.53,255275,244.68,4649
Telecom Animation Film,19,17,63.59,66.0,10.84,44.0,81.0,8.63,28.05,44768.21,850596,1129.58,21462
Actas,19,18,72.0,72.0,7.22,58.0,82.0,2.89,29.89,22795.11,433107,612.53,11638
Big Firebird Cultural Media,19,15,66.73,67.0,7.34,51.0,77.0,12.42,13.06,7443.47,141426,142.05,2699
Imageworks Studio,19,14,50.5,49.5,5.4,43.0,61.0,11.31,7.59,2553.68,48520,30.89,587
Motion Magic,18,14,73.14,74.0,7.86,59.0,83.0,30.28,21.69,1278.89,23020,68.61,1235
Satelight,18,18,65.5,67.5,8.6,47.0,77.0,13.39,30.0,25384.44,456920,503.28,9059
Science SARU,18,18,72.39,76.5,10.19,51.0,83.0,10.0,27.78,61897.39,1114153,2068.22,37228
Studio 9 Maiami,18,18,58.56,60.0,3.68,51.0,63.0,2.38,20.44,2127.72,38299,82.17,1479
Studio Pierrot,18,17,74.94,78.0,11.89,52.0,88.0,11.5,28.56,43210.61,777791,1563.28,28139
Studio Houkiboshi,18,18,59.11,58.0,4.76,49.0,68.0,8.61,6.78,5779.44,104030,157.56,2836
Brain's Base,18,17,65.59,65.0,10.86,47.0,82.0,18.94,26.71,44572.44,802304,1030.22,18544
Studio Colorido,18,18,68.44,70.0,8.53,53.0,84.0,4.0,33.5,27624.11,497234,630.39,11347
SAMG Animation,17,1,55.0,55.0,,55.0,55.0,20.35,19.69,76.12,1294,1.06,18
Lesprit,17,12,58.67,61.0,10.36,45.0,73.0,9.33,8.88,3338.24,56750,59.65,1014
Signal.MD,17,16,60.06,59.0,8.35,47.0,73.0,12.47,35.94,26092.88,443579,366.59,6232
Original Force,17,13,70.54,71.0,4.79,58.0,77.0,30.88,24.56,838.29,14251,35.65,606
Yumeta Company,16,15,66.6,65.0,8.43,51.0,80.0,8.81,29.62,19715.44,315447,375.69,6011
Asahi Production,16,16,63.56,62.5,8.95,47.0,82.0,10.19,30.81,32289.06,516625,652.12,10434
TRIGGER,16,15,71.73,71.0,7.9,60.0,85.0,7.53,35.47,59902.94,958447,3198.5,51176
Ajiado,16,14,69.21,72.5,10.56,50.0,81.0,10.88,38.31,41142.94,658287,985.06,15761
Studio Gokumi,16,16,65.31,65.5,7.41,53.0,81.0,9.81,28.75,35808.25,572932,691.44,11063
Shirogumi,16,14,60.0,61.0,8.64,48.0,79.0,6.12,39.38,2555.12,40882,32.94,527
Kachidoki Studio,16,4,48.75,47.0,6.45,43.0,58.0,28.69,10.12,324.5,5192,1.88,30
Laftel,16,5,63.0,62.0,6.0,56.0,72.0,8.0,6.53,850.19,13603,13.88,222
GEEKTOYS,16,15,64.27,65.0,11.44,44.0,76.0,9.56,19.5,43877.25,702036,801.25,12820
OTOIRO,16,16,62.31,60.0,8.36,53.0,83.0,2.27,3.25,960.75,15372,31.12,498
Maho Film,15,15,65.4,66.0,4.76,55.0,72.0,13.07,24.0,47865.73,717986,824.73,12371
FLAT STUDIO,15,15,61.87,60.0,6.44,55.0,78.0,1.0,5.2,4996.27,74944,125.13,1877
Graphinica,15,12,62.58,64.0,8.82,48.0,76.0,8.67,20.07,21492.4,322386,391.53,5873
Studio Gohan,15,15,56.6,56.0,3.5,52.0,64.0,1.2,5.27,390.13,5852,4.4,66
Yokohama Animation Lab,15,15,64.6,64.0,7.63,47.0,73.0,11.47,22.27,41649.6,624744,757.13,11357
feel.,15,15,68.13,68.0,7.21,58.0,82.0,8.6,39.93,45368.07,680521,1189.87,17848
Tezuka Productions,15,13,67.0,66.0,5.6,56.0,78.0,16.93,20.93,46015.2,690228,813.0,12195
B.CMAY PICTURES,15,14,74.0,77.5,10.6,53.0,86.0,21.27,19.36,12008.0,180120,518.4,7776
Seven Arcs,15,14,68.43,68.5,9.41,48.0,79.0,7.07,24.33,59702.93,895544,1539.87,23098
CygamesPictures,15,14,76.71,77.5,7.55,61.0,87.0,7.07,33.53,32694.0,490410,1173.13,17597
Pie in the sky,14,9,58.0,59.0,6.04,46.0,64.0,13.36,3.79,566.0,7924,4.36,61
Shogakukan Music & Digital Entertainment,14,6,55.83,52.0,11.44,47.0,78.0,20.67,15.15,3795.71,53140,84.57,1184
BYMENT,14,5,57.2,57.0,0.84,56.0,58.0,14.0,31.25,258.57,3620,7.07,99
Fatchi Moxie Studio,14,0,,,,,,12.29,6.43,47.64,667,0.29,4
Orange,14,14,68.71,70.0,8.92,47.0,78.0,7.36,28.43,44004.64,616065,1097.07,15359
Shengying Animation,14,8,62.0,62.0,6.16,55.0,72.0,21.43,18.69,1121.79,15705,23.14,324
Kamikaze Douga,14,13,64.46,63.0,6.33,53.0,74.0,4.64,25.71,7519.64,105275,91.29,1278
Haoliners Animation,14,13,66.69,63.0,10.02,54.0,84.0,12.14,15.93,19303.93,270255,656.5,9191
Felix Film,14,14,68.0,70.0,8.88,43.0,76.0,11.29,22.57,44020.21,616283,838.36,11737
Bibury Animation Studios,13,13,70.69,72.0,8.2,55.0,80.0,10.5,35.46,67149.31,872941,1847.54,24018
Okuruto Noboru,13,13,65.77,66.0,5.59,53.0,76.0,9.31,23.38,53593.77,696719,1027.08,13352
TOHO animation STUDIO,13,10,69.6,69.5,12.08,48.0,88.0,10.92,9.5,43951.92,571375,2899.77,37697
Painting Dream,13,1,70.0,70.0,,70.0,70.0,11.0,3.46,150.62,1958,2.31,30
Nippon Animation,13,9,59.78,62.0,9.96,47.0,74.0,14.54,12.31,5844.69,75981,74.69,971
Shenman Entertainment,13,9,72.67,75.0,5.32,66.0,79.0,27.5,27.8,1066.08,13859,58.69,763
ILCA,13,12,49.92,53.0,6.92,32.0,56.0,12.0,9.33,2252.31,29280,16.92,220
Drive,12,11,71.09,74.0,9.85,56.0,82.0,12.83,22.42,53069.75,636837,1097.75,13173
NAZ,12,11,65.45,69.0,7.92,50.0,77.0,10.75,23.17,32918.58,395023,563.33,6760
GARDEN,12,10,65.3,63.5,5.31,58.0,75.0,13.64,16.75,4095.92,49151,93.0,1116
Nomad,12,12,65.33,69.0,10.99,49.0,80.0,10.42,17.42,22195.33,266344,505.67,6068
Bridge,12,10,60.0,60.5,7.9,50.0,72.0,35.73,18.45,22125.25,265503,377.0,4524
Studio LAN,12,11,70.64,66.0,11.9,50.0,86.0,11.0,15.09,35066.33,420796,1779.33,21352
ufotable,12,11,76.45,81.0,9.95,59.0,86.0,4.17,45.91,196233.33,2354800,5710.58,68527
Qzil.la,11,9,63.44,65.0,6.29,53.0,71.0,6.82,6.9,4179.82,45978,71.27,784
Gift-o’-Animation,11,10,63.9,64.0,3.11,58.0,68.0,11.73,24.2,2098.45,23083,31.18,343
Lapin Track,11,11,72.91,74.0,9.39,53.0,83.0,9.64,40.64,35977.27,395750,1014.09,11155
studio MOTHER,11,11,69.45,71.0,7.61,52.0,79.0,13.0,32.18,49000.91,539010,1278.09,14059
NewGeneration,11,11,63.91,66.0,4.78,54.0,68.0,2.5,16.78,2490.55,27396,111.18,1223
Oriental Creative Color,11,7,63.29,64.0,4.72,56.0,68.0,13.91,20.5,416.82,4585,14.09,155
Nice Boat Animation,11,4,56.5,55.5,5.45,52.0,63.0,6.55,14.4,471.82,5190,7.45,82
Shion,11,11,60.82,62.0,4.35,51.0,68.0,2.25,21.1,1926.55,21192,74.36,818
Studio JEMI,11,10,63.9,64.0,3.11,58.0,68.0,11.73,24.2,2098.45,23083,31.18,343
Wawayu Animation,11,8,61.0,60.5,8.72,48.0,73.0,13.82,15.75,1283.09,14114,26.64,293
CONNECT,11,11,68.64,67.0,5.57,61.0,80.0,9.36,29.18,38866.18,427528,809.09,8900
TYPHOON GRAPHICS,11,11,63.91,63.0,5.8,52.0,74.0,10.82,19.36,26033.0,286363,474.73,5222
studio A-CAT,10,10,58.4,60.0,4.4,52.0,64.0,12.1,23.8,37307.9,373079,616.2,6162
Scooter Films,10,10,61.1,62.0,7.94,49.0,71.0,6.0,5.2,2302.2,23022,23.6,236
Passion Paint Animation,10,5,63.6,62.0,8.2,56.0,76.0,20.6,17.57,465.7,4657,19.0,190
Studio Bind,10,10,77.3,80.0,8.58,57.0,85.0,10.1,21.6,160355.4,1603554,6360.2,63602
C2C,10,9,71.22,74.0,9.52,53.0,82.0,14.89,24.33,89407.6,894076,2522.9,25229
Lay-duce,10,10,69.0,73.0,9.65,50.0,78.0,13.7,24.2,36893.4,368934,797.6,7976
diomedéa,10,10,67.8,73.0,10.55,48.0,76.0,11.5,22.2,42323.3,423233,874.1,8741
Studio Comet,10,9,62.89,65.0,6.21,53.0,71.0,14.8,25.6,20956.3,209563,328.1,3281
Sunrise Beyond,10,10,60.8,60.0,7.8,52.0,73.0,12.3,19.5,10946.8,109468,150.0,1500
Studio 4°C,10,8,63.25,66.0,10.25,44.0,77.0,4.4,47.11,5446.8,54468,74.1,741
Studio Gallop,10,3,57.67,59.0,6.11,51.0,63.0,22.2,29.4,801.1,8011,9.3,93
Gekkou,10,10,63.4,63.0,5.4,56.0,73.0,11.0,22.6,37395.9,373959,608.3,6083
ENISHIYA,10,9,65.78,67.0,11.56,50.0,86.0,1.5,5.44,15623.5,156235,833.2,8332
Gaina,10,9,52.78,50.0,11.41,41.0,77.0,15.6,11.7,10355.9,103559,213.6,2136
BLADE,9,9,66.89,68.0,4.28,62.0,74.0,10.22,20.44,47929.56,431366,764.33,6879
ZEXCS,9,9,69.11,70.0,8.95,52.0,79.0,20.89,28.89,16903.56,152132,343.44,3091
WHITE FOX,9,9,76.56,74.0,9.23,61.0,90.0,15.11,28.89,131289.33,1181604,4405.44,39649
bones film,9,9,78.89,78.0,4.11,74.0,87.0,11.22,21.44,86861.22,781751,2550.11,22951
dwarf,9,8,63.0,62.0,10.21,52.0,77.0,2.78,7.44,2222.33,20001,36.89,332
Colored Pencil Animation,9,7,68.43,71.0,9.16,51.0,77.0,13.33,19.71,10404.44,93640,218.22,1964
Qiyuan Yinghua,9,7,59.71,58.0,4.42,56.0,66.0,14.11,28.33,1557.89,14021,20.22,182
PoRO petit,9,9,58.11,59.0,3.98,52.0,65.0,4.0,23.78,1696.78,15271,57.11,514
Cloud Art,9,7,66.29,70.0,7.99,52.0,73.0,20.89,22.71,767.56,6908,35.0,315
CoMix Wave,9,8,64.0,64.5,10.77,50.0,81.0,2.0,19.5,23159.33,208434,758.56,6827
Studio 3Hz,8,8,64.12,65.5,7.3,50.0,71.0,10.62,32.12,38420.5,307364,444.88,3559
Xing Yi Kai Chen,8,5,54.2,55.0,3.27,49.0,58.0,55.88,12.25,291.0,2328,7.88,63
W-Toon Studio,8,6,68.33,67.0,6.31,59.0,76.0,16.12,2.38,3648.62,29189,37.62,301
Anime Antenna Iinkai,8,7,53.43,54.0,4.16,46.0,58.0,2.0,23.62,1116.12,8929,36.62,293
Arvo Animation,8,6,69.67,71.5,3.93,62.0,72.0,9.29,37.86,46420.25,371362,759.38,6075
Studio Hibari,8,8,63.75,65.5,10.55,48.0,78.0,9.62,26.88,30535.62,244285,763.38,6107
BREAKBOTTLE,8,8,58.25,59.0,5.75,50.0,68.0,2.0,19.25,2452.38,19619,86.38,691
domerica,8,8,62.25,59.0,10.99,48.0,78.0,10.38,28.38,24471.75,195774,644.38,5155
AXsiZ,8,8,63.5,64.5,7.01,53.0,75.0,10.5,31.25,45551.88,364415,705.38,5643
Marvy Jack,8,8,61.25,62.5,5.31,49.0,65.0,12.38,31.62,56662.75,453302,769.5,6156
L² Studio,8,8,65.0,65.5,6.0,55.0,73.0,13.12,17.71,1372.12,10977,23.75,190
Fantasier Animation,8,8,73.12,75.0,6.47,59.0,81.0,1.0,5.12,1197.75,9582,27.5,220
2:10 Animation,8,7,58.0,57.0,6.4,49.0,66.0,17.25,15.14,788.5,6308,19.5,156
Shanghai Animation Film Studio,8,2,62.5,62.5,6.36,58.0,67.0,4.71,47.0,224.12,1793,2.25,18
Sola Digital Arts,8,8,60.62,60.5,5.8,51.0,69.0,7.25,47.25,4918.38,39347,63.38,507
C-Station,8,8,69.38,73.0,12.61,48.0,84.0,8.12,29.38,22958.12,183665,532.25,4258
Quad,8,8,57.75,57.5,7.25,46.0,68.0,11.0,16.38,23160.25,185282,328.0,2624
Dandelion Animation Studio,8,7,68.86,69.0,9.77,55.0,87.0,7.0,25.38,5325.62,42605,232.0,1856
PINE JAM,8,8,69.5,72.5,7.78,53.0,76.0,10.88,21.25,49396.62,395173,960.88,7687
studio CANDY BOX,7,5,62.8,62.0,3.96,57.0,67.0,9.0,8.0,8009.71,56068,150.71,1055
HMCH,7,7,75.71,78.0,8.18,59.0,85.0,8.86,21.57,4922.0,34454,180.57,1264
Makaria,7,6,67.17,68.0,8.28,53.0,79.0,7.29,17.86,21089.0,147623,371.86,2603
Infinity Vision,7,1,55.0,55.0,,55.0,55.0,20.83,5.71,166.0,1162,2.57,18
GoHands,7,7,64.57,67.0,9.71,52.0,76.0,11.43,31.71,31747.0,222229,586.43,4105
Studio elle,7,5,53.6,55.0,13.41,32.0,69.0,7.29,16.86,23679.14,165754,301.71,2112
Ashi Productions,7,6,66.67,69.5,9.77,49.0,77.0,9.0,23.83,21081.0,147567,390.43,2733
YHKT Entertainment,7,6,69.67,72.5,7.92,54.0,76.0,5.43,38.5,849.86,5949,25.86,181
Staple Entertainment,7,7,61.57,63.0,4.69,53.0,67.0,13.57,21.43,48205.57,337439,883.14,6182
Asread,7,7,67.29,68.0,3.4,62.0,71.0,7.71,23.86,49878.14,349147,961.29,6729
Andraft,7,2,58.0,58.0,11.31,50.0,66.0,1.14,2.14,184.57,1292,1.57,11
East Fish Studio,7,6,65.17,64.0,6.88,56.0,74.0,10.86,38.0,25151.43,176060,451.43,3160
Magic Bus,7,7,61.14,63.0,7.9,48.0,71.0,10.43,17.0,19870.0,139090,369.57,2587
Paper Plane Animation Studio,7,7,73.86,75.0,7.03,62.0,85.0,15.57,12.0,19507.29,136551,915.57,6409
Rocen,7,4,60.75,60.0,4.11,57.0,66.0,16.0,22.25,328.57,2300,13.43,94
Dongwoo Animation,7,6,62.17,63.5,6.49,54.0,70.0,44.0,24.0,1519.43,10636,33.86,237
ODDJOB,7,1,57.0,57.0,,57.0,57.0,14.57,14.14,192.0,1344,1.29,9
Shuka,7,7,72.71,77.0,14.0,46.0,87.0,7.43,21.71,17674.57,123722,650.29,4552
NUT,7,7,71.14,73.0,9.97,57.0,83.0,7.57,36.57,40829.29,285805,689.0,4823
Studio Nanahoshi,7,4,61.75,61.5,6.55,54.0,70.0,6.2,5.57,579.57,4057,6.43,45
Studio Signpost,7,7,77.71,84.0,10.16,59.0,86.0,16.43,24.43,18836.0,131852,509.29,3565
Pb Animation,7,6,71.33,73.5,14.11,50.0,86.0,11.43,17.29,44410.57,310874,1643.29,11503
Space Neko Company,6,5,62.4,64.0,9.53,48.0,74.0,9.5,10.5,6851.83,41111,78.17,469
CHOSEN,6,4,53.5,53.0,4.43,49.0,59.0,17.33,17.8,337.5,2025,8.0,48
CLAP,6,6,69.33,69.5,12.24,47.0,81.0,1.17,56.67,24394.5,146367,746.0,4476
Build Dream,6,3,71.0,67.0,9.64,64.0,82.0,51.67,35.4,1383.0,8298,82.83,497
Studio Khara,6,6,71.17,70.5,9.99,56.0,85.0,6.67,36.33,28295.83,169775,1357.33,8144
Studio Kafka,6,6,76.67,78.0,6.02,66.0,84.0,8.0,33.67,40593.67,243562,863.33,5180
TIA,6,5,51.2,53.0,12.56,32.0,67.0,8.5,13.67,1664.33,9986,8.67,52
Suzuki Mirano petit,6,6,54.67,54.5,5.89,47.0,63.0,4.4,17.17,1809.67,10858,65.83,395
The Answer Studio,6,4,66.75,67.0,7.8,57.0,76.0,9.33,40.6,25706.0,154236,432.17,2593
Thundray,6,6,64.5,66.0,10.73,51.0,80.0,9.67,19.0,4139.0,24834,105.5,633
Tang Kirin Culture,6,2,58.5,58.5,0.71,58.0,59.0,29.0,13.5,269.17,1615,6.5,39
100studio,6,6,68.17,67.5,6.77,61.0,79.0,7.4,27.67,24631.67,147790,426.17,2557
ASK Animation Studio,6,3,61.0,63.0,4.36,56.0,64.0,11.83,40.0,5221.83,31331,87.17,523
Craftar,6,2,44.0,44.0,2.83,42.0,46.0,2.83,21.17,624.33,3746,2.0,12
Red Dog Culture House,6,5,77.8,77.0,6.8,68.0,86.0,8.6,28.0,10282.33,61694,398.33,2390
Seven Stone Entertainment,6,3,59.67,59.0,8.02,52.0,68.0,16.17,18.6,1595.67,9574,24.67,148
E&H Production,6,5,68.8,69.0,7.46,59.0,76.0,7.8,28.8,23673.83,142043,404.0,2424
Platinum Vision,6,6,67.83,68.0,10.82,50.0,83.0,12.5,24.0,42183.33,253100,1002.0,6012
PRA,6,6,59.5,63.5,9.22,44.0,69.0,12.33,24.0,9433.0,56598,133.67,802
DMM.futureworks,6,6,64.67,66.5,7.28,54.0,75.0,16.67,2.5,5161.83,30971,46.67,280
Lingsanwu Animation,6,3,67.67,68.0,1.53,66.0,69.0,13.33,12.6,1917.0,11502,31.5,189
Light Chaser Animation,6,4,67.25,69.0,6.65,58.0,73.0,1.0,142.0,1095.5,6573,28.83,173
LandQ studios,6,2,66.0,66.0,9.9,59.0,73.0,9.33,26.0,4659.67,27958,95.17,571
Marza Animation Planet,6,5,58.8,56.0,10.43,52.0,77.0,2.83,35.33,2666.83,16001,62.33,374
Hayabusa Film,6,6,65.17,67.0,8.08,52.0,74.0,11.67,17.0,41056.67,246340,744.33,4466
HuaMei Animation,6,4,62.0,61.5,10.8,51.0,74.0,9.67,16.0,652.67,3916,15.67,94
Hurray!,6,6,63.0,63.0,8.0,51.0,71.0,1.0,14.33,1483.67,8902,18.17,109
Infinity Animation,6,2,58.0,58.0,2.83,56.0,60.0,9.17,38.0,246.5,1479,3.67,22
G-angle,6,6,58.67,57.5,4.23,55.0,64.0,1.0,6.5,839.33,5036,8.83,53
Gravity Well,6,6,59.0,59.5,6.13,51.0,66.0,3.67,7.67,774.0,4644,9.83,59
Geno Studio,6,6,63.0,59.5,11.76,50.0,83.0,10.67,19.0,27045.33,162272,439.17,2635
GYORAI EIZOU,6,5,56.0,54.0,8.15,48.0,66.0,1.0,5.17,542.83,3257,5.17,31
Rabbit Gate,5,5,62.0,62.0,4.3,55.0,66.0,5.6,11.4,2583.6,12918,82.8,414
S.o.K,5,5,56.6,55.0,9.56,46.0,71.0,3.2,11.0,4479.6,22398,94.2,471
Production +h,5,5,67.8,70.0,11.19,49.0,78.0,5.4,61.0,16858.6,84293,292.6,1463
Qingxiang,5,4,65.25,66.0,3.4,61.0,68.0,39.0,18.0,764.2,3821,32.4,162
Queen Bee,5,5,57.0,58.0,6.0,48.0,64.0,2.5,20.0,1474.2,7371,46.0,230
STEREOTYPE Inc.,5,4,64.5,63.0,10.79,53.0,79.0,1.0,4.4,803.6,4018,17.2,86
Pili International Multimedia,5,5,72.4,72.0,8.02,60.0,80.0,5.6,46.8,1335.2,6676,43.6,218
DC Impression Vision,5,4,66.5,70.5,10.54,51.0,74.0,13.6,20.8,782.8,3914,39.0,195
Painted Edge,5,2,52.5,52.5,0.71,52.0,53.0,16.8,14.0,327.2,1636,4.2,21
Colored Pencil Animation Japan,5,5,71.2,69.0,3.77,68.0,77.0,10.4,16.0,17832.0,89160,358.2,1791
Sharefun Studio,5,4,82.0,82.0,0.82,81.0,83.0,10.0,14.0,16837.2,84186,507.0,2535
CMC Media,5,5,73.6,71.0,10.62,61.0,86.0,10.8,22.6,20779.2,103896,897.2,4486
Studio Anima,5,5,66.4,68.0,5.27,61.0,73.0,5.0,69.6,5099.2,25496,65.2,326
Studio Blanc,5,5,65.8,62.0,6.94,60.0,76.0,12.4,24.0,50230.0,251150,1075.4,5377
Bomb! Cute! Bomb!,5,5,53.6,52.0,7.33,45.0,65.0,1.8,16.0,1337.8,6689,41.8,209
Mili Pictures,5,4,63.25,66.0,6.95,53.0,68.0,20.4,18.0,516.0,2580,15.6,78
Millepensee,5,5,68.2,69.0,3.27,63.0,72.0,12.4,28.6,75164.2,375821,1831.2,9156
CALF,5,5,59.4,57.0,9.56,53.0,76.0,1.0,6.4,678.0,3390,10.4,52
Studio Flad,5,5,66.0,68.0,5.05,57.0,69.0,11.8,23.8,49539.2,247696,768.4,3842
Studio Ghibli,5,4,60.0,56.0,11.69,51.0,77.0,1.0,44.8,15863.4,79317,347.4,1737
WolfsBane,5,5,55.6,53.0,7.64,48.0,68.0,12.2,12.8,49529.0,247645,755.2,3776
Xiaoming Taiji,5,4,61.75,62.0,4.43,57.0,66.0,45.0,16.6,476.6,2383,20.4,102
Studio Lings,5,5,71.4,74.0,6.91,64.0,78.0,5.6,28.2,17300.6,86503,360.6,1803
Elias,5,5,52.2,53.0,4.44,45.0,57.0,9.2,8.4,14573.4,72867,229.8,1149
Encourage Films,5,5,69.6,68.0,6.58,61.0,78.0,9.8,24.2,29003.6,145018,497.4,2487
Studio Massket,5,5,68.6,74.0,11.7,50.0,80.0,11.8,16.6,31412.0,157060,664.2,3321
M.S.C,5,5,59.8,63.0,7.4,50.0,67.0,8.2,35.6,3883.6,19418,49.4,247
Studio Tumble,5,4,67.5,65.5,7.85,61.0,78.0,2.2,4.75,2666.2,13331,49.2,246
Studio VOLN,5,5,68.2,71.0,9.31,58.0,79.0,16.8,24.0,29793.2,148966,399.2,1996
Sublimation,5,5,63.2,63.0,9.26,54.0,73.0,5.8,47.8,25004.0,125020,477.8,2389
Larx Entertainment,5,5,68.2,76.0,12.19,49.0,77.0,10.2,24.8,15184.6,75923,265.8,1329
TNK,5,5,58.6,58.0,7.02,51.0,68.0,9.8,23.6,48068.8,240344,968.6,4843
Atelier Pontdarc,5,5,69.0,71.0,6.2,62.0,76.0,8.8,16.6,58997.4,294987,1201.6,6008
BAKKEN RECORD,5,5,63.8,63.0,7.33,57.0,74.0,9.2,40.2,22669.4,113347,277.4,1387
Unity of Knowledge and Action Animation,5,4,58.0,58.5,3.16,54.0,61.0,15.0,12.25,1201.0,6005,16.4,82
Jumondou,5,5,65.0,64.0,5.15,58.0,71.0,11.6,24.0,36209.0,181045,690.0,3450
TriF studio,5,5,59.6,61.0,8.41,49.0,68.0,4.6,11.2,6369.6,31848,80.6,403
A.C.G.T.,5,5,66.2,67.0,2.77,62.0,69.0,19.2,24.0,39041.8,195209,668.6,3343
monofilmo,5,5,58.4,61.0,9.91,46.0,72.0,1.0,11.0,1067.0,5335,14.2,71
studio LEO,5,5,52.0,53.0,3.0,47.0,55.0,8.0,8.0,3677.6,18388,64.4,322
Garage Film,5,0,,,,,,13.0,3.0,25.8,129,1.0,5
10GAUGE,4,4,60.5,59.0,12.58,49.0,75.0,2.0,4.5,1231.0,4924,16.25,65
Gale,4,0,,,,,,18.5,14.5,132.75,531,0.75,3
Arect,4,2,54.5,54.5,7.78,49.0,60.0,2.75,37.75,1436.5,5746,11.25,45
mimoid,4,3,63.33,64.0,8.02,55.0,71.0,3.25,6.25,1442.5,5770,15.75,63
Akatsuki,4,4,55.75,54.0,6.45,50.0,65.0,4.25,15.5,25611.75,102447,272.75,1091
WAO World,4,3,70.67,69.0,2.89,69.0,74.0,9.25,46.25,64948.5,259794,1491.0,5964
KIKO,4,3,63.0,66.0,6.08,56.0,67.0,1.0,7.25,545.75,2183,11.0,44
Ascension,4,3,59.33,58.0,7.09,53.0,67.0,14.5,20.25,4330.0,17320,74.5,298
TRCARTOON,4,2,57.5,57.5,3.54,55.0,60.0,9.75,6.25,311.5,1246,3.75,15
Liberty Animation Studio,4,4,54.5,54.5,5.69,48.0,61.0,1.25,2.5,392.5,1570,2.5,10
TEATRO Nishi Tokyo Studio,4,4,55.25,55.0,2.06,53.0,58.0,1.0,27.25,1165.0,4660,45.5,182
Liber,4,4,74.0,72.5,7.16,67.0,84.0,12.0,24.0,58303.25,233213,1253.25,5013
LX Animation Studio,4,3,59.33,63.0,6.35,52.0,63.0,18.0,20.0,773.75,3095,23.5,94
Super Normal Studio,4,2,41.5,41.5,0.71,41.0,42.0,12.0,4.75,864.75,3459,5.75,23
Folium,4,4,65.75,67.5,6.08,57.0,71.0,2.0,3.0,939.5,3758,12.25,49
MAKING ANIMATION,4,0,,,,,,13.0,5.25,87.75,351,0.0,0
Blue Bread,4,4,61.5,62.5,5.57,54.0,67.0,2.0,19.75,1862.0,7448,76.75,307
Studio Silver,4,4,68.25,69.5,4.5,62.0,72.0,9.33,18.5,33828.5,135314,503.5,2014
MANAA ANIMATION,4,2,55.0,55.0,2.83,53.0,57.0,7.5,3.0,287.75,1151,3.25,13
Sunflowers,4,2,62.0,62.0,4.24,59.0,65.0,18.25,20.75,505.5,2022,8.75,35
Kung Fu Frog Animation,4,3,62.0,63.0,2.65,59.0,64.0,13.0,16.75,2646.25,10585,39.25,157
studio daisy,4,4,62.25,62.0,9.64,53.0,72.0,4.25,8.0,6528.5,26114,77.25,309
GONZO,4,3,66.0,68.0,4.36,61.0,69.0,12.5,19.75,9775.5,39102,118.0,472
Dancing CG Studio,4,0,,,,,,21.33,20.0,183.75,735,2.25,9
PIERROT FILMS,4,4,78.5,83.5,14.06,58.0,89.0,9.5,16.67,49797.0,199188,1770.0,7080
D.ROCK-ART,4,3,56.67,57.0,1.53,55.0,58.0,7.5,23.5,356.5,1426,9.0,36
Creators in Pack,4,3,61.33,62.0,1.15,60.0,62.0,8.75,3.5,3569.5,14278,24.25,97
CLOUDHEARTS,4,4,65.25,64.0,3.2,63.0,70.0,12.0,23.75,59012.0,236048,1047.25,4189
Nexus,4,4,74.75,75.5,7.97,66.0,82.0,13.75,24.0,172057.0,688228,6620.0,26480
Dynamo Pictures,4,4,51.25,48.5,6.55,47.0,61.0,3.25,48.75,1181.75,4727,10.5,42
Durufix,4,0,,,,,,21.25,14.75,387.75,1551,4.25,17
Studio BAZOOKA,4,0,,,,,,7.75,44.25,36.5,146,1.0,4
Children's Playground Entertainment,4,4,62.0,65.0,8.29,50.0,68.0,12.25,24.0,46030.25,184121,630.5,2522
Miyu Productions,4,1,70.0,70.0,,70.0,70.0,1.0,36.67,1926.5,7706,15.25,61
Mousou Senka,4,4,56.0,56.0,4.08,52.0,60.0,4.0,18.25,1508.5,6034,51.25,205
Studio Durian,4,4,69.5,68.5,13.77,55.0,86.0,1.0,17.0,32667.5,130670,2119.75,8479
Mirai Film,4,4,45.75,46.0,1.26,44.0,47.0,1.0,7.75,556.0,2224,2.25,9
Xuni Pictures,4,2,58.5,58.5,3.54,56.0,61.0,15.25,21.0,297.25,1189,7.25,29
Studio Palette,4,4,67.0,66.5,3.92,63.0,72.0,12.25,24.0,88334.5,353338,1805.0,7220
Piso Studio,4,0,,,,,,50.0,2.0,56.75,227,0.25,1
HORNETS,4,4,71.25,72.5,5.5,64.0,76.0,12.0,24.0,81585.0,326340,1876.5,7506
l-a-unch・BOX,4,4,45.25,46.0,10.37,32.0,57.0,7.5,12.0,6404.0,25616,39.0,156
REVOROOT,4,4,61.5,62.5,6.35,53.0,68.0,12.0,18.5,69641.75,278567,1146.5,4586
Ryuu M's,4,4,57.25,58.5,4.35,51.0,61.0,2.0,16.0,920.5,3682,35.75,143
Liyu Culture,3,2,64.5,64.5,16.26,53.0,76.0,12.67,20.33,4995.33,14986,94.67,284
Success,3,2,58.0,58.0,5.66,54.0,62.0,11.33,48.0,786.33,2359,11.33,34
TThunDer Animation,3,1,60.0,60.0,,60.0,60.0,22.67,9.0,280.67,842,4.33,13
Front Wing,3,3,49.0,48.0,2.65,47.0,52.0,12.0,12.0,859.0,2577,12.33,37
MORIE Inc.,3,3,65.33,67.0,6.66,58.0,71.0,1.0,4.67,1076.67,3230,13.67,41
StudioGOONEYS,3,2,61.0,61.0,14.14,51.0,71.0,3.33,10.0,2122.67,6368,23.33,70
Flint Sugar,3,3,71.33,75.0,9.07,61.0,78.0,3.0,10.5,6027.0,18081,110.67,332
LIDENFILMS Kyoto Studio,3,3,64.0,69.0,11.36,51.0,72.0,8.33,20.67,8454.67,25364,81.33,244
Block 12,3,0,,,,,,12.0,4.0,79.67,239,0.67,2
Imagineer,3,2,72.5,72.5,2.12,71.0,74.0,12.0,4.33,5141.0,15423,59.0,177
Vega Entertainment,3,3,62.67,62.0,3.06,60.0,66.0,8.33,24.0,37435.67,112307,526.33,1579
GAINAX Kyoto,3,3,54.67,55.0,6.51,48.0,61.0,1.0,4.33,409.67,1229,4.33,13
Fugaku,3,3,57.0,54.0,5.2,54.0,63.0,12.0,27.0,30283.0,90849,329.33,988
Joicy Studio,3,2,65.0,65.0,2.83,63.0,67.0,56.67,17.33,811.0,2433,33.33,100
Year Young Culture,3,2,63.0,63.0,5.66,59.0,67.0,18.67,17.0,483.33,1450,18.0,54
ROLL2,3,2,67.5,67.5,9.19,61.0,74.0,9.0,16.67,26908.0,80724,424.33,1273
ROCK'N ROLL MOUNTAIN,3,2,79.5,79.5,4.95,76.0,83.0,1.0,63.0,17459.67,52379,690.33,2071
Robot,3,2,62.5,62.5,23.33,46.0,79.0,2.67,53.33,2696.0,8088,61.33,184
maxilla,3,3,57.67,57.0,3.06,55.0,61.0,1.0,2.67,445.0,1335,4.67,14
Project Studio Q,3,3,62.67,64.0,7.09,55.0,69.0,3.67,8.0,2463.33,7390,20.33,61
Alpha Animation,3,0,,,,,,26.0,15.67,75.67,227,1.0,3
Saetta,3,3,57.0,62.0,8.66,47.0,62.0,12.0,4.0,7475.33,22426,47.33,142
Panda Tower Studio,3,2,63.0,63.0,4.24,60.0,66.0,15.33,8.33,1672.33,5017,34.0,102
STUDIO EIGHTCOLORS,3,3,56.67,56.0,2.08,55.0,59.0,20.33,4.0,1027.67,3083,9.0,27
CompTown,3,3,68.67,66.0,5.51,65.0,75.0,12.33,24.0,40965.0,122895,778.67,2336
Cyclone Graphics,3,2,57.0,57.0,12.73,48.0,66.0,8.33,11.33,8142.67,24428,105.0,315
Creative Power Entertaining,3,0,,,,,,40.33,42.0,21.33,64,0.67,2
Studio Outrigger,3,2,62.0,62.0,4.24,59.0,65.0,4.67,43.0,2784.0,8352,21.67,65
Green Monster Team,3,1,67.0,67.0,,67.0,67.0,12.0,8.33,4886.0,14658,91.0,273
Studio Goindol,3,0,,,,,,17.33,2.67,74.67,224,0.33,1
Buemon,3,2,56.0,56.0,1.41,55.0,57.0,4.33,11.67,1578.33,4735,14.67,44
Studio Chizu,3,2,67.0,67.0,8.49,61.0,73.0,1.0,78.67,27167.0,81501,709.33,2128
Studio Chromato,3,3,74.0,82.0,15.62,56.0,84.0,1.33,51.0,20574.67,61724,1393.0,4179
Boruntong,3,0,,,,,,17.33,12.0,184.0,552,1.67,5
Monster's Egg,3,2,61.0,61.0,1.41,60.0,62.0,8.0,23.67,692.0,2076,11.33,34
IKIF+,3,2,54.0,54.0,1.41,53.0,55.0,25.0,1.0,500.0,1500,7.67,23
GA-CREW,3,3,60.0,63.0,15.72,43.0,74.0,8.33,18.33,27456.33,82369,597.33,1792
AtoriE,3,1,68.0,68.0,,68.0,68.0,26.5,1.67,944.33,2833,9.33,28
Asura Film,3,2,43.0,43.0,1.41,42.0,44.0,1.0,11.67,221.67,665,0.0,0
Imagica Lab.,3,3,46.0,47.0,4.58,41.0,50.0,4.67,9.0,2139.0,6417,21.33,64
Tencent Penguin Pictures,3,1,80.0,80.0,,80.0,80.0,6.0,37.0,971.33,2914,25.0,75
LICO,3,3,72.33,74.0,4.73,67.0,76.0,4.67,36.33,2737.33,8212,71.33,214
Team Yamahitsuji,3,3,71.67,71.0,2.08,70.0,74.0,4.0,20.0,43114.33,129343,560.67,1682
Tsumupapa,3,0,,,,,,9.0,3.0,57.0,171,0.67,2
Tsumugi Akita Anime Lab,3,3,69.67,73.0,8.5,60.0,76.0,11.33,24.33,56789.33,170368,1275.33,3826
UWAN Pictures,3,3,53.67,55.0,2.31,51.0,55.0,4.33,5.0,9087.0,27261,137.0,411
UNEND,3,3,55.0,53.0,4.36,52.0,60.0,12.0,23.33,5536.0,16608,53.33,160
pH Studio,3,1,56.0,56.0,,56.0,56.0,2.67,22.33,181.67,545,1.0,3
7doc,3,0,,,,,,15.33,10.0,127.0,381,1.0,3
KONAMI animation,3,2,65.0,65.0,9.9,58.0,72.0,1.0,5.0,3529.0,10587,38.0,114
Yofox Culture,3,0,,,,,,20.67,12.33,250.33,751,2.67,8
717 Studio,3,0,,,,,,10.33,22.33,152.0,456,2.33,7
Transcendence Picture,3,1,49.0,49.0,,49.0,49.0,18.0,17.0,236.33,709,7.67,23
A-Real,3,2,57.5,57.5,10.61,50.0,65.0,8.33,17.33,8472.0,25416,166.0,498
Voil,3,3,69.67,69.0,3.06,67.0,73.0,12.67,24.0,14385.33,43156,232.33,697
Hoods Entertainment,3,3,51.67,51.0,2.08,50.0,54.0,8.33,29.67,15047.67,45143,171.67,515
Fancy Realize Media,3,3,47.67,48.0,1.53,46.0,49.0,1.0,20.67,1257.67,3773,27.33,82
yell,3,3,47.33,46.0,6.11,42.0,54.0,13.0,4.0,1876.33,5629,23.33,70
Acca effe,3,2,62.0,62.0,1.41,61.0,63.0,8.33,16.0,2412.67,7238,24.67,74
Noovo Inc.,3,1,59.0,59.0,,59.0,59.0,2.67,18.0,478.33,1435,2.67,8
Dou-Raku,3,2,54.5,54.5,2.12,53.0,56.0,13.0,3.0,414.0,1242,5.33,16
I.G Zwei,3,3,70.67,71.0,0.58,70.0,71.0,3.0,28.0,1707.33,5122,17.0,51
Contrail,3,2,64.0,64.0,2.83,62.0,66.0,1.0,4.0,375.0,1125,2.33,7
Delight Animation,3,1,57.0,57.0,,57.0,57.0,18.67,16.0,425.33,1276,4.67,14
P.I.C.S.,3,3,68.67,65.0,14.84,56.0,85.0,5.0,53.33,56650.33,169951,2422.33,7267
Shanghai Phantom Animation,3,3,67.33,69.0,4.73,62.0,71.0,10.0,3.0,6464.67,19394,138.67,416
OUTLINE,3,3,60.33,65.0,8.96,50.0,66.0,1.0,39.0,5200.33,15601,56.67,170
"Yamamura Animation, Inc.",3,2,56.5,56.5,7.78,51.0,62.0,1.0,27.0,788.0,2364,16.0,48
Iconix Entertainment,3,0,,,,,,20.67,11.33,33.67,101,0.0,0
EOTA,3,3,76.0,80.0,8.72,66.0,82.0,1.0,82.67,13272.33,39817,320.0,960
Mote Stop-Motion Animation,3,0,,,,,,1.67,17.0,111.33,334,0.67,2
Yi Chen Animation,3,0,,,,,,13.0,19.5,158.33,475,4.33,13
Helo,3,3,47.33,47.0,0.58,47.0,48.0,12.33,8.33,463.0,1389,2.33,7
Yien Animation,3,2,66.5,66.5,2.12,65.0,68.0,28.0,22.0,343.67,1031,19.33,58
Keyring,2,0,,,,,,6.5,46.0,28.5,57,0.0,0
Studio Ponoc,2,2,65.0,65.0,5.66,61.0,69.0,1.0,58.0,3656.0,7312,37.0,74
BUG FILMS,2,2,80.5,80.5,6.36,76.0,85.0,12.5,24.0,228735.5,457471,8317.0,16634
Bandai Namco Filmworks,2,2,67.0,67.0,16.97,55.0,79.0,1.0,4.5,1335.0,2670,17.0,34
MOE,2,2,64.5,64.5,6.36,60.0,69.0,6.5,59.5,11062.5,22125,106.0,212
MMT,2,0,,,,,,26.5,21.0,92.5,185,2.0,4
BloomZ,2,2,50.0,50.0,2.83,48.0,52.0,12.0,8.0,20293.0,40586,271.5,543
LOCUS Animation,2,0,,,,,,1.0,85.0,326.0,652,2.0,4
Fengyun Animation,2,1,50.0,50.0,,50.0,50.0,20.0,9.0,198.5,397,5.0,10
TECARAT,2,0,,,,,,1.0,3.5,50.0,100,0.0,0
Team OneOne,2,2,61.0,61.0,1.41,60.0,62.0,1.0,63.0,5203.0,10406,34.5,69
Tear-Studio,2,2,65.0,65.0,1.41,64.0,66.0,1.0,36.0,24928.5,49857,320.0,640
FUNNY MOVIE,2,0,,,,,,13.0,2.5,50.0,100,0.0,0
Type ZERO,2,0,,,,,,14.0,4.0,193.0,386,4.5,9
Toon Harbor Works,2,0,,,,,,8.5,17.0,197.0,394,0.5,1
Tomovies,2,0,,,,,,8.0,5.0,188.5,377,0.5,1
KIO STUDIO,2,0,,,,,,14.5,19.0,160.5,321,4.0,8
qmotri,2,1,60.0,60.0,,60.0,60.0,12.0,4.0,248.0,496,3.5,7
studio Stellation,2,1,69.0,69.0,,69.0,69.0,,1.0,1168.5,2337,22.0,44
Adnero,2,2,52.0,52.0,1.41,51.0,53.0,6.5,4.0,17673.0,35346,189.5,379
Aisi Animation Studio,2,0,,,,,,5.0,23.0,329.0,658,2.5,5
d00r works,2,2,61.0,61.0,14.14,51.0,71.0,1.0,3.0,740.0,1480,13.5,27
AlcedoAlcy,2,1,41.0,41.0,,41.0,41.0,6.5,4.0,1607.5,3215,4.5,9
GRIZZLY,2,2,70.0,70.0,1.41,69.0,71.0,1.0,54.5,8852.0,17704,198.0,396
GRAPH77,2,2,70.0,70.0,12.73,61.0,79.0,4.5,18.0,24499.5,48999,543.0,1086
bees inc.,2,2,66.5,66.5,3.54,64.0,69.0,1.0,2.0,1284.0,2568,24.5,49
ARCUS,2,2,57.5,57.5,4.95,54.0,61.0,1.0,2.0,435.0,870,4.0,8
5 Inc.,2,2,54.5,54.5,3.54,52.0,57.0,8.0,27.0,3405.5,6811,22.5,45
wonderium,2,2,70.0,70.0,1.41,69.0,71.0,1.0,2.0,806.0,1612,16.5,33
Giga Production,2,2,62.0,62.0,1.41,61.0,63.0,6.5,23.0,3407.5,6815,35.0,70
FLAGSHIP LINE,2,2,59.0,59.0,5.66,55.0,63.0,12.0,23.0,11358.0,22716,137.5,275
Kanaban Graphics,2,2,55.0,55.0,5.66,51.0,59.0,74.5,6.0,833.0,1666,20.0,40
Kenji Studio,2,1,63.0,63.0,,63.0,63.0,3.5,4.5,382.0,764,1.5,3
Taomee,2,0,,,,,,15.5,52.0,69.0,138,0.5,1
GEMBA,2,2,53.0,53.0,1.41,52.0,54.0,1.0,65.0,1501.5,3003,6.0,12
Fun Flux Entertainment,2,0,,,,,,26.0,12.0,29.5,59,0.0,0
Visual Persistence,2,0,,,,,,15.5,16.5,227.5,455,1.0,2
White Paper Animation,2,2,57.0,57.0,1.41,56.0,58.0,20.0,10.0,641.0,1282,10.5,21
Juumonji,2,1,44.0,44.0,,44.0,44.0,3.0,32.0,593.0,1186,0.5,1
Village Studio,2,2,64.0,64.0,11.31,56.0,72.0,1.0,1.5,4167.5,8335,49.0,98
Ishikawa Pro,2,0,,,,,,1.0,3.0,80.0,160,1.0,2
Zhongce Picture,2,0,,,,,,18.0,20.0,230.5,461,7.5,15
animation studio42,2,2,67.0,67.0,0.0,67.0,67.0,12.0,24.5,48711.5,97423,816.0,1632
Ijigen TOKYO,2,1,56.0,56.0,,56.0,56.0,1.5,4.0,646.0,1292,2.5,5
AIC,2,2,57.5,57.5,3.54,55.0,60.0,6.0,30.0,1511.0,3022,19.0,38
Hotline,2,2,56.5,56.5,3.54,54.0,59.0,12.0,24.0,58118.0,116236,845.5,1691
Hua Dream,2,1,51.0,51.0,,51.0,51.0,12.0,21.0,284.5,569,8.0,16
IDREAM Entertainment,2,2,61.0,61.0,0.0,61.0,61.0,16.0,20.0,512.0,1024,17.0,34
Echoes,2,1,56.0,56.0,,56.0,56.0,1.0,6.0,324.0,648,1.0,2
Samsara Studio,2,2,79.0,79.0,2.83,77.0,81.0,3.5,30.5,14904.0,29808,333.0,666
Sansan Studio,2,0,,,,,,10.0,3.0,51.5,103,0.0,0
Chongzhuo Animation,2,2,58.5,58.5,16.26,47.0,70.0,14.0,20.5,4229.0,8458,90.5,181
Coco Cartoon,2,2,76.5,76.5,9.19,70.0,83.0,1.0,127.5,4001.0,8002,139.5,279
Sheng Guang Qishi Tuan,2,1,55.0,55.0,,55.0,55.0,9.5,8.0,305.5,611,3.0,6
Collaboration Works petit,2,1,58.0,58.0,,58.0,58.0,1.5,17.0,1002.0,2004,31.5,63
Soigne,2,2,79.0,79.0,4.24,76.0,82.0,12.0,24.0,31088.0,62176,1155.0,2310
EKACHI EPILKA,2,2,47.5,47.5,2.12,46.0,49.0,12.0,3.5,10086.0,20172,75.5,151
CHOCOLATE,2,1,52.0,52.0,,52.0,52.0,1.0,3.0,173.5,347,1.0,2
Nyan Pollution-ω-,2,2,60.5,60.5,0.71,60.0,61.0,4.5,4.5,8831.0,17662,93.5,187
Ocon Studios,2,0,,,,,,25.5,11.0,44.5,89,0.0,0
Opera House,2,0,,,,,,12.0,4.0,256.5,513,1.0,2
Star Hunter Animation,2,0,,,,,,20.0,17.0,150.0,300,7.5,15
Charaction,2,1,47.0,47.0,,47.0,47.0,18.0,4.0,747.0,1494,5.0,10
Campfire Aniworks,2,0,,,,,,26.0,11.0,114.0,228,3.0,6
CUE,2,2,65.5,65.5,12.02,57.0,74.0,12.0,24.0,23927.0,47854,417.0,834
NICHICALINE,2,1,74.0,74.0,,74.0,74.0,7.0,24.0,4752.5,9505,68.0,136
Studio Animal,2,2,57.0,57.0,0.0,57.0,57.0,8.0,49.5,3073.5,6147,50.0,100
Doraku,2,1,48.0,48.0,,48.0,48.0,12.0,4.0,641.5,1283,9.0,18
NEWON,2,2,57.5,57.5,9.19,51.0,64.0,13.0,12.5,5711.5,11423,52.0,104
Djinn Power,2,2,64.5,64.5,16.26,53.0,76.0,14.5,20.0,4272.5,8545,251.5,503
Studio N,2,1,74.0,74.0,,74.0,74.0,1.0,97.0,1621.5,3243,30.0,60
Studio M2,2,2,69.5,69.5,20.51,55.0,84.0,4.5,42.5,52107.0,104214,1876.5,3753
HM Heros,2,0,,,,,,7.0,18.0,273.0,546,2.5,5
IMAGICA DIGITALSCAPE,2,2,54.0,54.0,12.73,45.0,63.0,11.0,6.0,1155.0,2310,9.0,18
INDIVISION,2,2,47.5,47.5,2.12,46.0,49.0,12.0,3.5,10086.0,20172,75.5,151
INTERFACEDOGS,2,2,60.5,60.5,2.12,59.0,62.0,1.0,4.5,457.5,915,4.5,9
YAMATOWORKS,2,1,56.0,56.0,,56.0,56.0,2.5,17.5,686.0,1372,4.5,9
NAS,2,2,61.5,61.5,2.12,60.0,63.0,12.0,24.0,3120.5,6241,25.0,50
Pancake,2,2,67.5,67.5,4.95,64.0,71.0,4.5,7.0,2958.0,5916,31.5,63
Daysview Animation,2,0,,,,,,12.5,56.5,138.0,276,2.0,4
DR Movie,2,2,61.0,61.0,5.66,57.0,65.0,10.5,26.5,123492.0,246984,1974.5,3949
Quebico,2,2,62.0,62.0,2.83,60.0,64.0,2.5,58.5,5320.0,10640,73.5,147
REGARO,2,1,63.0,63.0,,63.0,63.0,3.5,4.5,382.0,764,1.5,3
REIRS,2,2,54.5,54.5,7.78,49.0,60.0,3.0,59.5,3123.5,6247,24.0,48
STUDIO EEK,2,1,66.0,66.0,,66.0,66.0,6.5,63.0,15425.0,30850,204.0,408
STUDIO MORIKEN,2,2,59.0,59.0,5.66,55.0,63.0,33.5,1.0,555.0,1110,6.0,12
STUDIO POLON,2,2,64.0,64.0,7.07,59.0,69.0,12.0,23.5,30113.5,60227,452.0,904
STUDIO SOTA,2,1,52.0,52.0,,52.0,52.0,7.0,22.0,735.0,1470,8.0,16
Digital Network Animation,2,2,63.0,63.0,8.49,57.0,69.0,6.5,59.5,36691.5,73383,576.5,1153
Saber Works,2,2,69.0,69.0,18.38,56.0,82.0,12.0,24.0,36100.0,72200,580.5,1161
Pingo Entertainment,2,0,,,,,,12.0,1.0,84.5,169,0.0,0
Plott,2,0,,,,,,10.5,5.0,139.5,279,1.0,2
Planet Cartoon,2,2,72.5,72.5,2.12,71.0,74.0,12.0,4.0,7516.5,15033,87.0,174
Cypic,2,2,70.0,70.0,2.83,68.0,72.0,7.0,61.5,11519.5,23039,108.5,217
Creative House Pocket,2,0,,,,,,12.0,2.0,138.5,277,0.0,0
Cover Corp,2,2,64.0,64.0,1.41,63.0,65.0,33.0,3.0,1294.0,2588,16.0,32
Creadom8,2,0,,,,,,13.0,5.0,83.0,166,1.0,2
Hong Ying Animation,2,0,,,,,,1.0,43.0,47.0,94,0.5,1
Yasuda Genshou Studio by Xenotoon,2,1,60.0,60.0,,60.0,60.0,2.5,45.5,5412.0,10824,49.5,99
Alfred Imageworks,2,2,63.0,63.0,2.83,61.0,65.0,1.0,53.0,12151.5,24303,138.5,277
Yi Animation,2,1,63.0,63.0,,63.0,63.0,1.0,119.0,466.0,932,11.0,22
studioDOT,2,0,,,,,,1.0,17.5,312.5,625,2.0,4
Psyde Kick Studio,2,1,70.0,70.0,,70.0,70.0,1.0,68.5,6029.0,12058,54.0,108
Aquastar,2,1,63.0,63.0,,63.0,63.0,2.0,7.0,279.0,558,2.0,4
Anima&Co.,2,2,55.5,55.5,0.71,55.0,56.0,6.5,23.5,7734.0,15468,39.5,79
Rising Force,2,0,,,,,,12.0,4.5,131.5,263,0.0,0
Rouseact,2,2,60.0,60.0,4.24,57.0,63.0,4.0,1.0,739.0,1478,7.5,15
Poly Animation,2,1,47.0,47.0,,47.0,47.0,1.5,12.0,552.5,1105,22.0,44
SIGNIF,2,2,58.0,58.0,1.41,57.0,59.0,1.0,4.5,387.5,775,4.0,8
Heart & Soul Animation,2,2,68.0,68.0,0.0,68.0,68.0,8.5,22.5,3563.0,7126,56.0,112
Raiose,2,2,53.5,53.5,0.71,53.0,54.0,4.5,5.0,5691.0,11382,80.5,161
iQIYI,2,1,56.0,56.0,,56.0,56.0,44.0,8.0,282.5,565,8.0,16
entity,2,2,49.0,49.0,1.41,48.0,50.0,1.0,4.0,202.5,405,0.5,1
1IN,1,0,,,,,,6.0,13.0,113.0,113,0.0,0
A4works,1,1,59.0,59.0,,59.0,59.0,1.0,30.0,395.0,395,7.0,7
ALBACROW,1,1,57.0,57.0,,57.0,57.0,16.0,9.0,3912.0,3912,16.0,16
AMAKAWAANIMATION,1,0,,,,,,13.0,4.0,51.0,51,0.0,0
ANIMETRONICA,1,0,,,,,,4.0,3.0,32.0,32,1.0,1
soket,1,1,49.0,49.0,,49.0,49.0,96.0,1.0,428.0,428,6.0,6
studio maf,1,1,60.0,60.0,,60.0,60.0,24.0,3.0,3882.0,3882,46.0,46
studio keel,1,1,59.0,59.0,,59.0,59.0,1.0,2.0,276.0,276,5.0,5
studio hb,1,1,53.0,53.0,,53.0,53.0,1.0,13.0,1510.0,1510,7.0,7
Arc Anime,1,0,,,,,,1.0,27.0,132.0,132,0.0,0
Aqua Entertainment,1,1,51.0,51.0,,51.0,51.0,13.0,20.0,539.0,539,10.0,10
Anyzac,1,0,,,,,,13.0,11.0,80.0,80,1.0,1
Anime Tokyo,1,1,51.0,51.0,,51.0,51.0,1.0,31.0,1894.0,1894,17.0,17
AnimationID,1,1,59.0,59.0,,59.0,59.0,6.0,13.0,864.0,864,8.0,8
Amineworks,1,1,47.0,47.0,,47.0,47.0,1.0,64.0,704.0,704,3.0,3
Alke,1,1,55.0,55.0,,55.0,55.0,13.0,5.0,2320.0,2320,16.0,16
Honglu Technology,1,0,,,,,,26.0,,291.0,291,8.0,8
He Zhou Culture,1,1,57.0,57.0,,57.0,57.0,16.0,19.0,482.0,482,11.0,11
HS PICTURES,1,0,,,,,,1.0,119.0,456.0,456,3.0,3
HAPPYMAN♥,1,1,41.0,41.0,,41.0,41.0,5.0,5.0,272.0,272,0.0,0
Gudong Animation Studio,1,0,,,,,,1.0,89.0,448.0,448,4.0,4
Greenleaf Animation,1,1,62.0,62.0,,62.0,62.0,,1.0,1776.0,1776,40.0,40
Peak Hunt,1,1,56.0,56.0,,56.0,56.0,3.0,6.0,6124.0,6124,90.0,90
Pass Media,1,0,,,,,,1.0,86.0,44.0,44,0.0,0
Directions,1,0,,,,,,,,123.0,123,0.0,0
Dentsu,1,1,53.0,53.0,,53.0,53.0,3.0,,1219.0,1219,7.0,7
SUSPENDERS,1,1,50.0,50.0,,50.0,50.0,1.0,4.0,164.0,164,0.0,0
SUPER SUPER,1,1,66.0,66.0,,66.0,66.0,1.0,4.0,1081.0,1081,17.0,17
SUGARLESS FACTORY,1,0,,,,,,10.0,4.0,151.0,151,2.0,2
STUDIO PPURI,1,1,69.0,69.0,,69.0,69.0,,1.0,2288.0,2288,42.0,42
STUDIO POLARIS,1,0,,,,,,1.0,2.0,100.0,100,0.0,0
STUDIO 6'oN,1,1,48.0,48.0,,48.0,48.0,1.0,7.0,700.0,700,2.0,2
SOUL CREATIVE,1,0,,,,,,13.0,13.0,92.0,92,0.0,0
SOLA ANIMATION,1,1,65.0,65.0,,65.0,65.0,1.0,134.0,4144.0,4144,83.0,83
SLEE PRODUCTION,1,0,,,,,,1.0,47.0,40.0,40,1.0,1
SJYNEXCUS,1,0,,,,,,6.0,18.0,223.0,223,4.0,4
R11R,1,1,57.0,57.0,,57.0,57.0,1.0,3.0,262.0,262,6.0,6
Qubic Pictures,1,1,61.0,61.0,,61.0,61.0,4.0,25.0,9083.0,9083,77.0,77
Dangun Pictures,1,1,62.0,62.0,,62.0,62.0,1.0,3.0,935.0,935,2.0,2
Daily Plan.net,1,1,39.0,39.0,,39.0,39.0,12.0,23.0,1035.0,1035,8.0,8
Dai Nippon Printing,1,1,51.0,51.0,,51.0,51.0,12.0,4.0,1610.0,1610,22.0,22
Da Yu,1,0,,,,,,12.0,6.0,84.0,84,1.0,1
DRAWIZ,1,1,32.0,32.0,,32.0,32.0,13.0,5.0,5018.0,5018,15.0,15
DOLESS,1,0,,,,,,2.0,6.0,48.0,48,0.0,0
Paintfree,1,0,,,,,,16.0,17.0,115.0,115,3.0,3
Pai Naodai Animation,1,0,,,,,,6.0,13.0,138.0,138,2.0,2
Crew Cell,1,1,82.0,82.0,,82.0,82.0,1.0,74.0,9771.0,9771,295.0,295
Coyote,1,0,,,,,,1.0,80.0,117.0,117,2.0,2
Saber Project,1,1,55.0,55.0,,55.0,55.0,6.0,30.0,1125.0,1125,13.0,13
Point Five Creations,1,1,68.0,68.0,,68.0,68.0,1.0,111.0,1057.0,1057,24.0,24
Planet Studios,1,0,,,,,,,11.0,119.0,119,0.0,0
Pierce Visual Works,1,0,,,,,,12.0,14.0,40.0,40,1.0,1
Picante Circus,1,1,63.0,63.0,,63.0,63.0,12.0,24.0,18718.0,18718,204.0,204
Perfect Kunpeng,1,0,,,,,,26.0,13.0,39.0,39,0.0,0
Shimogumi,1,0,,,,,,1.0,75.0,92.0,92,0.0,0
Shi Qi Yu Mo,1,0,,,,,,12.0,4.0,277.0,277,3.0,3
Coloroom Pictures,1,0,,,,,,1.0,100.0,189.0,189,2.0,2
Coco Legends,1,0,,,,,,10.0,22.0,42.0,42,0.0,0
Coastline Animation Studio,1,0,,,,,,22.0,20.0,273.0,273,12.0,12
Cloud Culture,1,1,55.0,55.0,,55.0,55.0,18.0,14.0,309.0,309,11.0,11
Chuangqi Studio,1,0,,,,,,26.0,,165.0,165,0.0,0
Chuangpu Animation Studio,1,0,,,,,,16.0,15.0,219.0,219,4.0,4
Chongliyuhua,1,0,,,,,,41.0,3.0,59.0,59,0.0,0
Chirying Culture,1,0,,,,,,4.0,24.0,656.0,656,2.0,2
Sasayuri,1,1,73.0,73.0,,73.0,73.0,1.0,62.0,7045.0,7045,68.0,68
San Blas Animation,1,1,62.0,62.0,,62.0,62.0,,1.0,1776.0,1776,40.0,40
Salamander Pictures,1,0,,,,,,1.0,20.0,98.0,98,1.0,1
Sakura Create,1,1,66.0,66.0,,66.0,66.0,12.0,24.0,64938.0,64938,917.0,917
Saiji,1,0,,,,,,12.0,5.0,94.0,94,0.0,0
Dazzling Star,1,0,,,,,,26.0,12.0,68.0,68,1.0,1
Origin Animation,1,0,,,,,,1.0,104.0,118.0,118,4.0,4
Orcen,1,1,52.0,52.0,,52.0,52.0,16.0,22.0,248.0,248,8.0,8
One Punch,1,0,,,,,,1.0,110.0,156.0,156,4.0,4
One & All Animation Studio,1,1,70.0,70.0,,70.0,70.0,1.0,110.0,2412.0,2412,41.0,41
Onakama,1,0,,,,,,1.0,1.0,99.0,99,1.0,1
October Media,1,1,70.0,70.0,,70.0,70.0,1.0,112.0,1417.0,1417,41.0,41
OZ,1,1,70.0,70.0,,70.0,70.0,12.0,24.0,83726.0,83726,1283.0,1283
ORENDA,1,1,47.0,47.0,,47.0,47.0,1.0,64.0,704.0,704,3.0,3
EGG FIRM,1,1,81.0,81.0,,81.0,81.0,6.0,23.0,97708.0,97708,1438.0,1438
Space Shell,1,1,53.0,53.0,,53.0,53.0,13.0,4.0,366.0,366,4.0,4
Soular Animation,1,0,,,,,,1.0,89.0,55.0,55,0.0,0
Sotsu,1,1,65.0,65.0,,65.0,65.0,12.0,24.0,36923.0,36923,468.0,468
Sorajima Studio,1,0,,,,,,8.0,9.0,231.0,231,5.0,5
Soda Bear Animation,1,1,63.0,63.0,,63.0,63.0,48.0,,1285.0,1285,57.0,57
Skyloong,1,1,64.0,64.0,,64.0,64.0,26.0,15.0,3231.0,3231,72.0,72
Shobi University,1,0,,,,,,1.0,18.0,131.0,131,0.0,0
Duoling Cartoon,1,0,,,,,,12.0,1.0,89.0,89,2.0,2
Doumu Animation,1,0,,,,,,12.0,5.0,46.0,46,0.0,0
Nur edel,1,1,54.0,54.0,,54.0,54.0,,,591.0,591,19.0,19
Netflix Anime Creators' Base,1,1,46.0,46.0,,46.0,46.0,1.0,4.0,1544.0,1544,8.0,8
NOTHING NEW,1,0,,,,,,1.0,,2756.0,2756,14.0,14
NOKID,1,1,65.0,65.0,,65.0,65.0,24.0,4.0,2203.0,2203,65.0,65
Children's Playground Creative,1,0,,,,,,52.0,11.0,154.0,154,2.0,2
Cheer Digiart,1,0,,,,,,52.0,11.0,154.0,154,2.0,2
Charming Fox Animation,1,0,,,,,,1.0,,263.0,263,6.0,6
CGCG Studio Inc.,1,1,61.0,61.0,,61.0,61.0,4.0,25.0,9083.0,9083,77.0,77
CEKAI,1,0,,,,,,1.0,43.0,97.0,97,0.0,0
Story Effect,1,0,,,,,,12.0,5.0,390.0,390,3.0,3
Starry Cube,1,0,,,,,,12.0,2.0,187.0,187,0.0,0
Spell Bound,1,1,42.0,42.0,,42.0,42.0,10.0,2.0,404.0,404,5.0,5
Speed,1,0,,,,,,1.0,24.0,321.0,321,5.0,5
Origin Chasing,1,0,,,,,,24.0,,188.0,188,1.0,1
NAMU Animation,1,0,,,,,,13.0,11.0,377.0,377,4.0,4
NAGOMI,1,1,70.0,70.0,,70.0,70.0,9.0,8.0,1724.0,1724,17.0,17
MontBlanc Pictures,1,1,44.0,44.0,,44.0,44.0,3.0,24.0,12385.0,12385,85.0,85
Miota Studio,1,1,57.0,57.0,,57.0,57.0,5.0,1.0,590.0,590,3.0,3
Minakata Laboratory,1,1,71.0,71.0,,71.0,71.0,1.0,5.0,1232.0,1232,32.0,32
Mili Digital,1,1,57.0,57.0,,57.0,57.0,16.0,20.0,314.0,314,5.0,5
Medo,1,1,57.0,57.0,,57.0,57.0,16.0,,331.0,331,14.0,14
Meditation With a Pencil,1,0,,,,,,1.0,87.0,276.0,276,3.0,3
Bouncy,1,1,53.0,53.0,,53.0,53.0,1.0,16.0,586.0,586,3.0,3
BooKong Culture,1,1,55.0,55.0,,55.0,55.0,12.0,19.0,1354.0,1354,16.0,16
BlueArc Animation Studio,1,0,,,,,,30.0,20.0,214.0,214,4.0,4
Studio Crocodile,1,1,53.0,53.0,,53.0,53.0,24.0,5.0,483.0,483,5.0,5
Studio Clutch,1,1,65.0,65.0,,65.0,65.0,12.0,24.0,36923.0,36923,468.0,468
Studio Artegg,1,0,,,,,,,1.0,22.0,22,1.0,1
Studio Add,1,1,75.0,75.0,,75.0,75.0,13.0,24.0,126207.0,126207,3415.0,3415
E-DEHI Animation Studio,1,0,,,,,,1.0,90.0,27.0,27,1.0,1
Electric Circus,1,0,,,,,,,,30669.0,30669,435.0,435
Ekura Animal,1,0,,,,,,1.0,17.0,50.0,50,0.0,0
Eallin,1,1,57.0,57.0,,57.0,57.0,3.0,2.0,568.0,568,4.0,4
EXNOA,1,1,49.0,49.0,,49.0,49.0,1.0,25.0,2399.0,2399,35.0,35
EVOLROAR,1,0,,,,,,2.0,2.0,203.0,203,1.0,1
Maten Animation,1,0,,,,,,13.0,15.0,180.0,180,7.0,7
Maple Toon,1,0,,,,,,12.0,21.0,176.0,176,4.0,4
Mandrill Picture Corp,1,0,,,,,,16.0,19.0,127.0,127,0.0,0
Studio Live,1,0,,,,,,1.0,,391.0,391,3.0,3
Studio HUIT,1,0,,,,,,12.0,5.0,197.0,197,0.0,0
Studio G-1Neo,1,1,62.0,62.0,,62.0,62.0,1.0,2.0,778.0,778,6.0,6
Studio Fusion,1,1,65.0,65.0,,65.0,65.0,1.0,23.0,6642.0,6642,115.0,115
Bunny Walker,1,1,64.0,64.0,,64.0,64.0,2.0,16.0,3281.0,3281,100.0,100
Bright Studio,1,0,,,,,,16.0,,101.0,101,1.0,1
Brave pictures,1,0,,,,,,1.0,3.0,127.0,127,1.0,1
Boundary,1,1,46.0,46.0,,46.0,46.0,1.0,1.0,205.0,205,2.0,2
MMDGP,1,0,,,,,,50.0,1.0,115.0,115,2.0,2
MARU animation,1,1,77.0,77.0,,77.0,77.0,15.0,25.0,27304.0,27304,551.0,551
Live2D Creative Studio,1,1,57.0,57.0,,57.0,57.0,24.0,3.0,2100.0,2100,29.0,29
BigBigSun,1,1,55.0,55.0,,55.0,55.0,16.0,24.0,466.0,466,7.0,7
Bibury Animation CG,1,1,55.0,55.0,,55.0,55.0,12.0,24.0,13804.0,13804,173.0,173
BeiJing BoYiChuangWei Digital Media,1,1,59.0,59.0,,59.0,59.0,14.0,20.0,1652.0,1652,35.0,35
Bee Media,1,1,60.0,60.0,,60.0,60.0,13.0,24.0,3105.0,3105,57.0,57
BONEDD,1,0,,,,,,24.0,,76.0,76,0.0,0
Studio SUNHAN,1,1,53.0,53.0,,53.0,53.0,1.0,20.0,512.0,512,19.0,19
Studio Roomer,1,0,,,,,,1.0,99.0,177.0,177,0.0,0
Studio Mir,1,1,72.0,72.0,,72.0,72.0,8.0,24.0,49582.0,49582,1131.0,1131
Studio MAGICPOT,1,0,,,,,,1.0,2.0,153.0,153,3.0,3
Ezo’la,1,1,73.0,73.0,,73.0,73.0,12.0,25.0,40339.0,40339,577.0,577
Ether Kitten,1,1,52.0,52.0,,52.0,52.0,8.0,7.0,3143.0,3143,24.0,24
Escape Velocity Animation,1,0,,,,,,26.0,10.0,169.0,169,2.0,2
Elite Animation,1,0,,,,,,26.0,,94.0,94,3.0,3
Lingke Culture,1,0,,,,,,25.0,5.0,52.0,52,1.0,1
LinQ,1,1,49.0,49.0,,49.0,49.0,5.0,24.0,3017.0,3017,28.0,28
Liliyabi,1,0,,,,,,12.0,12.0,479.0,479,13.0,13
Fever Creations,1,1,71.0,71.0,,71.0,71.0,12.0,4.0,5699.0,5699,69.0,69
Fantawild Animation,1,0,,,,,,1.0,99.0,68.0,68,2.0,2
TANOism,1,0,,,,,,41.0,7.0,351.0,351,3.0,3
Suzume,1,0,,,,,,2.0,1.0,150.0,150,1.0,1
Studio Sign,1,0,,,,,,1.0,94.0,839.0,839,9.0,9
Studio Shelter,1,0,,,,,,8.0,18.0,124.0,124,2.0,2
Blaze Studio,1,1,57.0,57.0,,57.0,57.0,16.0,9.0,3912.0,3912,16.0,16
ManHoo Culture,1,1,53.0,53.0,,53.0,53.0,50.0,10.0,405.0,405,8.0,8
Mainichi Eigasha,1,0,,,,,,1.0,24.0,81.0,81,0.0,0
Magilm Pictures,1,1,61.0,61.0,,61.0,61.0,13.0,15.0,1129.0,1129,19.0,19
Magia Doraglier,1,0,,,,,,2.0,10.0,390.0,390,5.0,5
MUSUHI,1,1,57.0,57.0,,57.0,57.0,1.0,4.0,264.0,264,3.0,3
MOJO,1,1,67.0,67.0,,67.0,67.0,12.0,22.0,1513.0,1513,39.0,39
FIREBUG,1,0,,,,,,20.0,1.0,160.0,160,0.0,0
FILMKO,1,1,54.0,54.0,,54.0,54.0,1.0,95.0,332.0,332,5.0,5
Kumarba,1,1,49.0,49.0,,49.0,49.0,48.0,2.0,417.0,417,4.0,4
Koo-Ki,1,0,,,,,,1.0,2.0,38.0,38,0.0,0
Konyoshi,1,0,,,,,,1.0,66.0,88.0,88,1.0,1
Kigumi,1,1,28.0,28.0,,28.0,28.0,12.0,24.0,2296.0,2296,12.0,12
Keika Co. Ltd.,1,1,55.0,55.0,,55.0,55.0,1.0,100.0,1706.0,1706,17.0,17
Ke Yue Xue Zi,1,0,,,,,,10.0,,223.0,223,8.0,8
Kagome Company,1,0,,,,,,1.0,85.0,2525.0,2525,9.0,9
Kachigarasu,1,1,65.0,65.0,,65.0,65.0,12.0,23.0,26019.0,26019,355.0,355
Axis Studios,1,1,77.0,77.0,,77.0,77.0,26.0,20.0,3942.0,3942,190.0,190
Aurora,1,1,50.0,50.0,,50.0,50.0,20.0,9.0,217.0,217,7.0,7
Aura Studio,1,1,66.0,66.0,,66.0,66.0,12.0,24.0,45400.0,45400,651.0,651
Atelier Peuplier,1,1,74.0,74.0,,74.0,74.0,12.0,24.0,39110.0,39110,927.0,927
TWR Entertainment,1,0,,,,,,4.0,14.0,151.0,151,4.0,4
TMX Art,1,0,,,,,,20.0,,212.0,212,7.0,7
Jinnan Studio,1,1,48.0,48.0,,48.0,48.0,12.0,3.0,836.0,836,6.0,6
Jichitai Anime,1,1,50.0,50.0,,50.0,50.0,1.0,20.0,412.0,412,2.0,2
Jiang Toon Animation,1,0,,,,,,26.0,4.0,57.0,57,0.0,0
JUVENAGE,1,1,71.0,71.0,,71.0,71.0,12.0,24.0,18591.0,18591,387.0,387
JJJoy Animation Studios,1,0,,,,,,10.0,,50.0,50,1.0,1
Thunder River,1,0,,,,,,12.0,21.0,176.0,176,4.0,4
The Monk Studios,1,1,55.0,55.0,,55.0,55.0,1.0,100.0,1706.0,1706,17.0,17
Tengu Kobou,1,0,,,,,,1.0,23.0,130.0,130,0.0,0
Ten Tails Animation,1,0,,,,,,2.0,7.0,57.0,57,0.0,0
Teddy,1,1,67.0,67.0,,67.0,67.0,12.0,24.0,48750.0,48750,710.0,710
Team TillDawn,1,1,68.0,68.0,,68.0,68.0,24.0,1.0,5735.0,5735,61.0,61
Take-Y Inc.,1,1,46.0,46.0,,46.0,46.0,1.0,2.0,741.0,741,1.0,1
Taikong Works,1,0,,,,,,16.0,,323.0,323,4.0,4
BETOBE,1,0,,,,,,24.0,,283.0,283,9.0,9
BENTEN Film,1,1,60.0,60.0,,60.0,60.0,13.0,24.0,32873.0,32873,338.0,338
BELLNOX FILMS,1,1,69.0,69.0,,69.0,69.0,13.0,24.0,25703.0,25703,373.0,373
G.H.Y. Culture & Media,1,0,,,,,,16.0,20.0,249.0,249,8.0,8
FuRyu Pictures,1,0,,,,,,2.0,1.0,145.0,145,1.0,1
Frontier One,1,1,72.0,72.0,,72.0,72.0,1.0,2.0,2627.0,2627,35.0,35
Frencel,1,1,58.0,58.0,,58.0,58.0,1.0,3.0,209.0,209,2.0,2
Forest Hunting One,1,0,,,,,,1.0,5.0,76.0,76,0.0,0
UchuPeople,1,1,71.0,71.0,,71.0,71.0,12.0,3.0,3462.0,3462,50.0,50
UOU Studio,1,1,50.0,50.0,,50.0,50.0,1.0,3.0,170.0,170,0.0,0
Tyhoo CG,1,0,,,,,,1.0,,263.0,263,6.0,6
Trash Studio,1,1,46.0,46.0,,46.0,46.0,1.0,54.0,642.0,642,2.0,2
Tomoyasu Murata Company,1,0,,,,,,1.0,18.0,93.0,93,0.0,0
Tomason,1,1,46.0,46.0,,46.0,46.0,1.0,29.0,444.0,444,1.0,1
Thymos Media,1,1,40.0,40.0,,40.0,40.0,5.0,14.0,181.0,181,2.0,2
KUAIYING,1,0,,,,,,52.0,10.0,265.0,265,5.0,5
Joker Films,1,0,,,,,,12.0,5.0,60.0,60,0.0,0
Jintu Pictures,1,0,,,,,,1.0,,372.0,372,3.0,3
Jinni's Animation Studio,1,1,58.0,58.0,,58.0,58.0,10.0,3.0,775.0,775,6.0,6
ILCASHIPS,1,0,,,,,,12.0,24.0,157.0,157,0.0,0
ICHIZIKU,1,1,59.0,59.0,,59.0,59.0,1.0,4.0,275.0,275,4.0,4
Hui Guang Studio,1,0,,,,,,12.0,5.0,131.0,131,0.0,0
Hot Zipang,1,1,59.0,59.0,,59.0,59.0,12.0,24.0,9431.0,9431,75.0,75
Horipro,1,0,,,,,,1.0,112.0,198.0,198,0.0,0
Wolf Smoke Studio,1,1,52.0,52.0,,52.0,52.0,1.0,9.0,212.0,212,3.0,3
WinSing Animation,1,0,,,,,,104.0,15.0,68.0,68,0.0,0
White Lily,1,1,52.0,52.0,,52.0,52.0,1.0,5.0,426.0,426,12.0,12
Wenzhou Mengbu Anime Design,1,0,,,,,,24.0,,188.0,188,1.0,1
Visual Flight,1,1,21.0,21.0,,21.0,21.0,12.0,24.0,25471.0,25471,201.0,201
Vasoon Animation,1,0,,,,,,7.0,23.0,321.0,321,6.0,6
VIGORE,1,1,55.0,55.0,,55.0,55.0,1.0,4.0,195.0,195,3.0,3
VCRWORKS,1,1,50.0,50.0,,50.0,50.0,6.0,2.0,143.0,143,2.0,2
Universal Star Animation,1,0,,,,,,1.0,90.0,121.0,121,2.0,2
GEAR STUDIO,1,1,55.0,55.0,,55.0,55.0,1.0,2.0,322.0,322,5.0,5
G.S. Pictures Animation,1,0,,,,,,1.0,90.0,40.0,40,0.0,0
Green Planet Studio,1,0,,,,,,13.0,22.0,396.0,396,5.0,5
Grass,1,1,64.0,64.0,,64.0,64.0,12.0,23.0,11105.0,11105,125.0,125
Gosay Studio,1,1,67.0,67.0,,67.0,67.0,24.0,5.0,7141.0,7141,85.0,85
Gold Valley Films,1,0,,,,,,1.0,98.0,510.0,510,1.0,1
Yaoyorozu,1,1,49.0,49.0,,49.0,49.0,12.0,2.0,2242.0,2242,8.0,8
Yamiken,1,1,53.0,53.0,,53.0,53.0,1.0,105.0,438.0,438,3.0,3
YOYOmiracle,1,1,56.0,56.0,,56.0,56.0,2.0,9.0,2628.0,2628,23.0,23
YAMATO WORKS,1,0,,,,,,2.0,22.0,170.0,170,1.0,1
Xtorm,1,0,,,,,,12.0,15.0,4084.0,4084,32.0,32
Xiyang Culture,1,0,,,,,,12.0,6.0,41.0,41,0.0,0
Xiaoying Feiyang Pictures,1,1,62.0,62.0,,62.0,62.0,32.0,10.0,1944.0,1944,26.0,26
Xiaolan Friends,1,0,,,,,,13.0,3.0,45.0,45,0.0,0
Xebec Zwei,1,1,70.0,70.0,,70.0,70.0,3.0,24.0,1876.0,1876,14.0,14
XMOV,1,0,,,,,,16.0,18.0,165.0,165,7.0,7
Wonderland,1,1,70.0,70.0,,70.0,70.0,12.0,24.0,92377.0,92377,1851.0,1851
INREALITY,1,0,,,,,,12.0,2.0,245.0,245,3.0,3
Aisle,1,0,,,,,,,,2739.0,2739,23.0,23
302planet,1,0,,,,,,1.0,90.0,27.0,27,1.0,1
ASTROBROS.,1,1,68.0,68.0,,68.0,68.0,1.0,3.0,1163.0,1163,10.0,10
ARMS,1,1,57.0,57.0,,57.0,57.0,3.0,26.0,8748.0,8748,90.0,90
AOI Pro.,1,1,57.0,57.0,,57.0,57.0,3.0,2.0,568.0,568,4.0,4
Ziine Studio,1,0,,,,,,12.0,23.0,379.0,379,3.0,3
ZIZ Entertainment,1,1,56.0,56.0,,56.0,56.0,1.0,19.0,1324.0,1324,30.0,30
Yudubai Animation,1,0,,,,,,12.0,8.0,246.0,246,0.0,0
Youku,1,1,69.0,69.0,,69.0,69.0,4.0,20.0,737.0,737,28.0,28
Yixiang Culture,1,0,,,,,,12.0,,140.0,140,4.0,4
Yinhe Changxing Culture,1,0,,,,,,26.0,,71.0,71,1.0,1
Global Digital Creations,1,0,,,,,,1.0,83.0,44.0,44,0.0,0
Gen Long Culture,1,0,,,,,,16.0,16.0,211.0,211,1.0,1
Gathering,1,1,50.0,50.0,,50.0,50.0,10.0,1.0,201.0,201,2.0,2
Gambit,1,1,40.0,40.0,,40.0,40.0,13.0,24.0,9155.0,9155,53.0,53
GOLD BEAR,1,1,50.0,50.0,,50.0,50.0,2.0,30.0,892.0,892,29.0,29
Qiying Animation,1,0,,,,,,14.0,5.0,241.0,241,2.0,2
Pure Arts,1,1,76.0,76.0,,76.0,76.0,26.0,,1037.0,1037,59.0,59
Production Kai,1,1,71.0,71.0,,71.0,71.0,,1.0,2653.0,2653,64.0,64
Polygon Magic,1,0,,,,,,1.0,4.0,185.0,185,4.0,4
Point Pictures,1,1,46.0,46.0,,46.0,46.0,12.0,3.0,387.0,387,2.0,2
SAKURAPRIN Animation,1,1,50.0,50.0,,50.0,50.0,1.0,25.0,902.0,902,11.0,11
SAFEHOUSE,1,1,61.0,61.0,,61.0,61.0,6.0,25.0,6132.0,6132,71.0,71
Ruichen Pictures,1,0,,,,,,1.0,92.0,126.0,126,2.0,2
Reike Eyes Animation,1,0,,,,,,1.0,24.0,117.0,117,1.0,1
Rastar,1,1,52.0,52.0,,52.0,52.0,12.0,20.0,313.0,313,5.0,5
5BRICKS,1,0,,,,,,26.0,3.0,47.0,47,0.0,0
matlity,1,1,63.0,63.0,,63.0,63.0,1.0,3.0,314.0,314,6.0,6
maroyaka,1,1,49.0,49.0,,49.0,49.0,96.0,1.0,428.0,428,6.0,6
exsa,1,1,72.0,72.0,,72.0,72.0,24.0,24.0,152431.0,152431,4420.0,4420
evg,1,1,49.0,49.0,,49.0,49.0,12.0,24.0,2796.0,2796,19.0,19
Akatsuki Media Studio,1,0,,,,,,,3.0,111.0,111,0.0,0
