anime_id,estudio_id
200929,636
212539,179
213457,528
213457,622
206163,458
206163,622
143103,771
204561,52
204561,597
157330,663
214536,318
214536,240
214536,591
203275,458
178972,122
214443,401
160275,318
195539,638
199340,122
197543,390
186742,292
212503,733
207327,633
205909,741
202390,27
211778,91
211778,30
178868,173
206949,306
200294,49
160803,627
209463,578
209872,350
209499,427
202079,325
191788,633
191656,438
189123,187
214968,136
212799,292
209562,541
178083,325
212888,292
212144,285
212144,286
195516,405
213805,592
159042,97
213732,525
213686,363
210482,741
202429,392
202429,379
198654,663
194116,323
214703,57
204431,458
213733,628
212575,401
212574,525
133007,528
212652,292
206189,120
176373,123
154122,233
215522,100
215761,573
215761,575
215761,539
214893,493
214892,692
211308,408
214855,146
214829,383
213958,492
213847,458
213486,194
141953,615
141953,208
213908,475
212617,628
212272,525
211338,127
208829,537
215526,551
214559,737
211220,223
206273,534
185874,425
214426,692
202717,143
199409,61
206282,154
214068,304
214067,517
196223,48
194029,663
214260,100
214259,487
215582,122
206819,627
206819,658
182616,122
212969,463
213359,277
214031,739
208824,541
199066,325
188139,164
213750,335
213750,633
213638,138
209961,578
208754,427
196187,50
213961,608
207254,675
184356,502
108992,164
213666,286
213666,285
211232,584
207809,647
198946,333
198709,578
196356,389
194829,259
194829,438
159309,178
135865,393
213665,285
213665,286
209800,622
199111,733
199111,513
187260,476
177699,523
128757,742
213506,166
209504,177
208685,590
202269,364
199408,576
195833,108
177637,318
169583,758
169582,361
169080,762
213097,672
210031,331
208225,733
208225,247
205116,443
204060,639
201514,89
200637,76
200230,96
198409,361
197178,663
196017,11
196017,461
194219,129
185875,526
185692,292
103303,323
214866,11
213831,213
212308,102
209983,726
207674,733
206249,578
203490,333
190569,523
187538,1
185542,58
178789,570
168134,693
213484,595
207141,76
204466,325
202896,610
199748,237
198044,42
196218,736
188525,537
180136,243
213861,759
209669,543
203880,50
201667,738
201667,399
198376,390
197715,89
213426,308
214865,11
196219,359
196219,442
206521,143
186863,405
211557,628
210116,538
209873,401
208044,177
176636,72
206194,534
192800,177
213427,636
213356,722
199448,61
213343,350
210032,633
213297,722
215106,754
202851,422
202851,700
208749,469
168179,128
199418,74
137664,429
212994,633
209982,488
209981,628
208264,363
179874,180
179874,593
212563,578
113555,292
213668,379
212309,290
212309,674
212323,71
206354,209
194167,619
178707,10
206356,209
211270,194
204356,739
213516,554
211607,350
212557,203
212557,603
208314,628
196840,677
153466,100
211479,304
206840,401
206145,270
204349,443
188035,323
186833,700
211181,554
206003,469
208352,388
184872,209
205772,692
163793,709
194393,205
210823,692
206950,33
204269,178
202386,146
196974,325
195734,428
182578,495
182300,27
182300,72
198113,108
187869,546
185211,89
169228,633
209312,27
206004,469
202508,522
198369,633
177501,347
182483,302
177508,589
210687,608
206951,470
206951,489
202985,647
199588,633
199029,633
189046,691
158036,543
158036,458
207675,286
207675,285
199547,739
197754,347
195268,405
186744,688
169580,107
206166,188
204319,590
202523,763
201090,178
197824,733
189987,733
156090,700
147105,69
206914,593
206523,405
206523,165
202102,727
196029,294
190704,592
178749,606
177634,405
213664,422
210932,595
198411,136
196935,731
196012,622
195600,739
184492,72
183231,458
171110,692
210234,286
210234,285
209940,153
206270,534
205054,578
202381,325
196144,592
195333,576
192808,52
182205,10
181284,522
179950,64
170019,758
201817,639
199221,633
186497,592
180228,169
210375,286
210375,285
200769,580
198939,25
198939,587
197868,177
197868,359
194317,761
180745,334
173172,350
210115,768
170110,375
190143,692
209962,122
206916,628
206915,628
204560,363
204463,538
190668,563
187375,539
209541,276
166437,100
206889,132
209662,210
206857,604
198373,334
210347,98
190327,741
179813,493
213663,534
203100,405
203100,165
197097,49
208517,403
187267,417
177132,604
208551,493
215891,755
208665,356
207534,551
137662,661
203367,525
202894,363
182206,10
176509,633
206358,645
204270,594
204394,194
207853,622
184280,423
210376,14
155304,487
197474,72
182317,537
155331,154
187508,292
187508,541
208065,531
213667,98
208064,434
207331,11
202957,663
207084,585
207083,573
207083,575
199410,534
201153,363
189956,11
189956,461
113971,622
166039,149
203127,27
189275,178
185870,533
207363,138
201903,575
201903,573
204698,404
204698,509
206425,636
199436,383
182255,347
202955,692
182587,164
207474,337
203939,277
176370,426
207082,350
198374,53
195518,578
192507,184
192507,55
187989,405
187062,627
184951,331
183660,184
166613,350
203296,240
203296,318
203296,591
203148,667
202419,286
202419,285
192867,403
187941,221
187941,205
187901,627
185262,726
181443,639
179062,741
163144,417
200556,525
198706,383
191718,13
189137,642
187892,563
185514,470
185514,642
172463,350
205676,146
185039,758
183270,52
182771,51
182771,627
176276,438
176276,259
192261,256
191967,592
191205,388
183984,495
180746,578
177679,63
203472,146
195515,237
194742,177
194318,622
189565,657
187942,237
183661,578
204432,503
204432,155
198767,590
198720,166
197731,742
195322,739
194028,412
189259,763
185993,131
177385,542
166521,89
186333,450
177580,543
205307,229
199446,285
199446,286
167152,592
166617,11
198749,465
205154,476
205154,181
199366,529
199112,764
195384,493
187264,736
185753,205
178005,292
194884,11
153467,719
205905,462
205905,437
204742,470
201975,628
201974,628
199164,363
199162,401
193923,310
188034,423
188034,27
179930,173
205290,120
213642,201
204696,398
168252,300
204656,380
168195,339
189258,361
204654,407
185857,344
207081,575
204080,350
187921,730
187921,351
195877,463
191893,639
188928,395
153458,23
132776,216
132776,537
204626,492
199005,286
199005,285
166443,128
199432,487
213095,46
204396,70
200228,628
198046,401
196116,525
199414,70
194712,438
214834,11
166421,707
207855,611
185773,572
203146,537
202660,383
199154,663
202281,622
202281,311
203710,435
204066,350
193294,537
183384,622
213460,146
137711,397
201808,312
120406,29
120406,397
201151,638
199430,439
198048,628
196540,363
188522,203
199603,492
184642,741
184642,311
184642,566
184642,318
184642,427
184642,458
184642,460
184642,638
184642,692
184351,453
140291,730
140291,246
196722,525
140337,350
196230,730
207886,423
203953,554
200560,122
198188,731
198188,331
198188,1
198188,593
198188,423
198188,229
194872,89
194353,395
211271,178
188529,576
155303,264
186161,375
207848,357
194447,608
186524,748
185116,743
153800,292
213646,754
200642,770
196115,89
191403,72
177686,104
200046,11
199635,276
174914,578
199931,146
186914,578
180436,347
180436,141
170577,350
199009,285
199009,286
198312,286
198312,285
186794,622
180082,748
162890,72
199812,213
199008,203
187331,466
182531,590
173523,688
170936,368
196553,616
195240,142
190840,606
190840,613
188388,663
187464,325
186190,580
185731,350
179992,733
179992,336
173692,292
170018,398
129195,66
198413,203
195173,398
194832,663
188487,237
187940,506
186920,396
186736,583
185801,733
182896,739
181447,325
179302,523
177937,692
177937,122
176298,557
162669,169
162669,600
207475,72
201262,755
201262,1
201262,575
199794,308
199363,209
198561,286
198561,285
198117,769
187860,146
186714,663
186346,639
185694,443
184997,72
184322,292
183291,50
198926,624
198921,330
194389,764
193968,405
187166,57
186621,592
185575,617
183385,596
177271,228
177271,364
213353,334
204621,235
199593,592
195383,636
183965,31
163788,324
163788,602
187663,647
187663,627
168087,4
199368,551
204393,551
165530,128
180523,690
196750,628
195153,423
195034,401
195033,363
186829,561
184718,325
166417,437
159981,563
169969,761
199417,487
199358,289
177687,475
171627,350
207222,692
199405,487
199406,487
198730,592
198748,487
199073,705
198355,57
206611,748
198726,350
198408,667
175035,744
198379,744
201961,324
198377,669
206610,748
195068,488
193707,628
193347,402
186181,423
198033,122
194087,478
195494,766
153455,700
153455,422
206609,748
187317,618
177518,178
183128,164
207484,39
206888,34
206888,12
198703,551
199354,194
195230,748
186169,563
197179,663
198701,700
185834,106
185537,537
213647,754
206256,487
208049,215
199419,487
196881,39
196613,383
206919,420
199356,529
206284,487
197094,146
196694,493
168177,94
213640,138
196482,622
191452,525
191451,401
137716,305
213697,342
198948,203
186043,692
183127,164
166422,551
195886,194
196227,672
178754,458
174188,438
193623,526
191976,223
178788,771
166475,255
157692,223
195916,487
175645,533
166215,302
157960,173
184237,633
194088,277
198745,735
206066,338
198698,554
196283,272
207805,383
196064,281
185965,627
177474,589
196063,389
195209,285
195209,286
189117,633
178886,423
178090,671
177887,417
166412,734
166412,219
151799,638
177880,425
173780,318
159483,62
156104,595
156104,439
156104,621
184591,764
182309,733
182309,336
179828,412
193607,763
188138,578
185519,56
181867,203
181841,323
196229,541
189326,334
185755,636
184575,691
184574,89
184034,91
181444,122
180929,570
180794,399
180425,335
179885,205
178675,91
178433,361
178025,739
177689,142
175124,405
154768,122
198697,722
193238,286
193238,285
191994,318
191994,240
191994,591
188653,405
186561,107
186003,743
179966,587
179879,330
177761,428
171046,122
169420,557
207035,763
206290,754
195517,594
195457,500
186052,642
186052,701
185660,523
185544,405
177175,727
175914,325
156395,495
199486,308
187387,741
173335,541
155838,549
155838,600
155838,574
193883,443
186789,478
179678,592
178869,333
169440,587
169440,25
213102,568
185505,587
180460,325
179344,633
170113,571
206875,61
185407,179
137667,61
191492,628
191491,628
186542,633
185084,653
185071,525
184756,647
181839,323
181449,528
192474,489
210068,292
194835,167
195882,534
194889,72
191884,653
206595,218
186495,407
166419,527
166419,700
195883,100
168631,329
191370,716
166456,661
205941,754
199371,39
181181,120
166451,144
155333,4
195885,554
137681,70
194033,7
198694,422
192810,350
192809,350
187304,525
185121,94
168632,329
186835,437
193372,142
186935,257
186716,27
162682,184
135580,713
213459,146
205601,537
193240,551
192976,122
168628,329
185778,552
185778,434
191978,70
172393,11
124117,397
206038,492
191974,77
180124,369
195879,534
191689,524
188753,335
193413,504
204551,77
186827,628
186308,401
186307,363
191405,692
185716,443
195880,551
186151,306
191980,554
179541,576
185212,633
166249,583
179706,11
189602,335
185939,423
178781,727
176246,546
195878,645
191374,499
176702,50
185070,405
177120,528
150654,692
188039,109
185213,594
185213,622
184182,482
180675,142
166371,12
193242,167
188131,285
188131,286
174802,164
158287,333
189832,213
185736,739
182419,1
180829,188
179979,205
177678,590
177509,81
177509,699
165445,364
143200,748
185718,405
185646,335
184470,405
184470,165
183274,466
182060,309
181182,331
180825,622
180516,142
180367,76
178825,450
178052,495
167336,350
156092,435
156092,595
156092,439
185715,398
185645,663
185584,203
185259,578
184639,658
184289,146
182814,49
179955,259
179955,438
179054,122
178046,493
177476,692
149118,741
143337,652
214509,174
214509,5
188884,203
187998,308
186522,398
186313,321
185166,395
184989,347
181078,325
178680,122
153554,292
189716,199
189581,122
189576,122
188394,276
183275,639
183161,761
179694,72
175872,364
166373,340
166373,670
166373,524
166373,539
166373,473
166373,332
166373,589
189513,636
184279,177
179965,325
177633,636
167142,239
204517,754
188248,551
178701,177
143598,726
189383,592
183133,177
166527,521
185992,466
192928,756
189892,239
189160,243
186153,628
185779,401
185612,427
184810,525
179999,458
179998,458
189115,579
188239,290
188239,674
181440,639
177778,311
166442,77
204482,730
185643,663
213461,146
183412,536
183412,529
181244,169
179852,180
179852,140
187596,11
185903,335
185901,427
185900,93
185898,526
182333,537
187514,759
187383,771
189733,203
187236,218
185714,11
185714,639
185506,628
185001,525
184824,384
186559,123
198699,645
188830,492
141867,78
182877,41
182877,286
187305,427
176432,445
194403,738
185648,203
182158,758
194218,682
204525,754
189893,167
186837,480
192634,626
192634,39
168244,544
185073,663
198154,90
184765,488
183602,538
154392,350
154064,718
168082,209
186861,125
186329,203
179838,576
136381,739
187591,599
187380,663
185861,422
185861,700
186207,198
179878,423
166438,254
175237,328
186836,487
181886,458
180812,72
180052,522
173333,72
172258,76
170892,334
162722,663
162722,578
182920,318
182920,240
182920,591
177709,633
175422,232
175198,522
175198,557
167742,122
167143,122
167143,516
178312,91
176301,636
176301,405
175409,642
172453,31
172439,733
162921,522
204403,754
204381,754
180292,184
179297,578
178548,412
175443,292
172019,633
185828,100
178022,570
176234,438
178550,178
177552,627
176063,368
176063,578
185088,277
179696,66
179333,763
170916,325
169441,318
204405,754
185880,616
185462,152
176496,11
176273,350
174654,466
170650,177
166699,375
165171,178
174596,727
178495,428
178462,587
178462,25
177159,243
176642,758
169295,493
145740,76
179689,225
179689,131
178100,50
177506,576
185940,210
185940,11
185940,485
185940,377
202422,246
176158,733
176158,513
213696,342
182104,625
180806,350
180804,405
170166,106
185793,335
187676,754
187507,292
137680,693
185797,427
175138,31
168116,261
214539,765
214539,727
199369,304
185539,146
185538,146
186618,201
166511,720
185613,498
185281,525
176470,522
185371,493
196279,718
191361,639
185724,554
206844,102
185719,534
174189,42
186083,98
153473,545
153473,100
136880,417
175137,608
185189,350
185860,551
153471,70
185968,757
120226,419
184694,11
182094,525
180533,401
178782,622
173884,380
172218,628
213458,146
199479,744
199479,19
199479,183
170631,386
170631,171
185723,345
184816,11
185970,123
182157,330
126370,344
184998,285
185722,322
182241,493
178774,592
177603,537
153482,487
185541,663
183423,663
137699,431
183744,324
183471,470
183471,286
183471,603
153497,100
185721,554
183520,592
168097,463
186200,441
179722,363
176245,354
176245,473
185794,487
182469,663
183473,447
169258,361
188453,208
188453,615
183393,407
177376,630
166703,622
166703,490
183066,39
180599,633
180599,335
154473,53
176508,97
163135,292
182159,492
174390,343
174390,405
171038,543
156084,100
204537,349
182772,146
164299,292
171545,522
170893,334
166611,542
141182,633
141182,690
180747,590
176191,503
172355,742
171642,205
170468,578
168537,642
179292,405
179126,188
178533,350
176311,616
176292,653
174043,617
172190,205
171400,636
162785,613
155502,622
182561,425
181835,398
178729,405
178395,137
175533,427
174913,583
173263,184
169755,425
167141,11
163146,10
151514,347
141917,383
138522,445
107372,292
186756,17
185682,670
179823,525
176053,627
176053,684
175473,292
171689,443
171637,325
171109,122
171025,292
171025,354
171018,523
169315,347
169098,259
154673,670
137663,128
182562,209
182417,608
179919,393
177581,96
172199,675
170942,653
170732,292
165810,346
165790,52
137696,85
182445,531
170578,595
164172,169
163134,691
157965,688
206877,284
206877,122
177104,205
177104,221
168139,361
193469,693
182434,508
182364,458
169931,52
168084,194
206724,39
190619,471
178434,764
175019,733
111314,32
111314,216
168500,237
179368,628
178557,363
173693,259
173693,438
173174,493
196241,672
189964,505
153472,86
213429,291
177191,76
175199,334
133845,347
182386,603
182386,575
182386,731
182386,385
183157,705
181277,493
204473,529
183158,707
182563,209
169403,663
182301,492
180947,638
180936,592
180870,692
180923,286
180923,285
180871,347
187087,201
180847,203
180817,692
166476,622
150930,292
177789,628
177707,363
177149,525
158166,523
151017,523
177814,458
156108,725
207594,334
188805,492
180332,528
177680,743
176275,647
168998,622
168081,209
150103,653
169692,332
137672,120
199433,338
155319,700
137718,655
137718,115
137718,350
137718,712
171145,537
171099,122
167991,292
181179,492
179839,621
166418,419
184560,333
181837,696
180796,755
168164,383
179991,146
179978,528
179978,485
179978,223
168083,313
179845,194
168013,738
168872,458
168105,534
179880,592
181836,419
166416,437
179916,551
179844,419
177255,525
151117,180
168630,329
211328,636
179954,285
137802,270
176319,325
175120,369
158641,537
158641,379
144779,764
144779,522
176660,691
179213,100
179860,72
206201,551
186496,523
177922,277
171457,11
154963,639
137710,397
137710,382
124118,397
124118,382
179408,203
176865,728
167419,758
124343,673
124343,111
157371,325
167144,476
139825,495
139825,605
186620,754
179207,438
177097,604
170938,738
152137,56
174044,423
173489,590
171031,177
184812,278
174576,27
174576,72
173388,188
173295,331
170891,423
162796,458
160488,635
153406,658
139095,292
176283,416
175868,423
173533,528
172416,237
168623,286
168623,642
168345,405
165681,318
165681,240
165681,591
163077,1
163077,605
162896,122
154195,232
173694,526
170695,405
167420,11
166477,657
163623,399
163133,758
158559,292
156087,533
170998,173
166700,578
152681,578
204620,235
175977,692
174070,522
168104,61
166531,164
162804,164
171748,10
163292,730
175450,657
177160,290
176707,628
176396,401
176395,401
176328,538
174788,579
172965,633
166710,692
178396,622
177008,323
177007,10
173584,761
178402,639
171115,333
178620,335
178435,585
174383,438
174383,596
126830,622
189736,146
189736,290
137647,209
185090,179
184750,201
173935,1
173935,272
169766,612
135511,533
198702,533
163785,327
166414,645
155315,725
178421,285
165253,122
155154,561
182556,554
176287,633
173313,537
156097,159
137758,719
175499,488
175250,363
175248,401
137735,128
137673,383
177798,335
177697,457
177688,132
177688,350
176218,457
172420,142
148080,575
177106,388
206516,413
177640,123
166413,100
174722,194
156727,587
137649,83
166240,771
176299,142
171291,122
177497,752
200373,656
168178,465
163139,738
177407,350
169930,738
156103,700
156103,373
204762,470
204762,286
204762,160
178351,487
183795,603
137708,383
179715,248
177177,77
178350,292
174633,628
174187,561
174186,561
174184,452
174181,363
177240,349
172964,36
177405,177
177494,419
170297,395
163147,10
184624,754
175786,437
135643,692
141913,103
170890,105
170890,726
160181,105
160181,726
172187,731
166715,122
153288,458
171608,648
169778,648
169754,633
130590,495
177046,633
176909,146
174653,412
167927,350
160090,733
159039,107
156095,250
151380,225
136804,169
169698,578
163141,633
158709,178
173240,590
170130,292
166873,570
172395,458
172395,543
172395,541
171080,165
171080,405
170604,571
169584,292
168138,237
166910,657
164702,764
163078,164
160589,727
160589,762
158898,495
158417,727
146867,325
109731,323
185644,663
176577,398
173249,137
170503,606
164440,405
164212,663
152302,761
172242,622
171397,82
171040,653
169202,42
166828,627
166828,576
163270,122
162889,427
156822,10
156023,89
143271,10
165855,184
155908,10
155890,336
175869,443
176635,335
173250,541
169417,578
166372,578
166372,368
163786,602
163786,327
156415,671
150085,743
145728,438
178125,449
170593,43
168240,307
158988,663
155657,177
144176,325
176634,292
169927,412
168132,120
177456,539
172399,538
172398,363
199488,308
176663,27
176300,663
185890,618
185889,246
185888,398
184373,400
184373,503
146609,457
204506,608
175642,622
175642,311
175642,566
172016,663
177514,201
186790,186
171395,564
167486,318
175744,77
175047,451
177602,203
177464,142
173639,155
156109,345
175867,210
175783,323
172976,529
172976,539
175691,356
166439,702
206353,603
198690,155
175513,380
174666,523
171026,423
166976,537
184766,754
141883,437
188063,283
188063,233
137682,70
176495,337
175296,692
193468,217
193468,37
176529,606
175352,740
186764,277
170935,692
168947,564
156082,106
175132,470
174912,146
171016,401
175033,349
155902,700
177439,631
153658,458
168251,465
156106,8
175052,480
174780,584
151639,173
143560,680
175054,270
175034,551
184751,754
177495,255
171030,663
174439,306
156112,209
167984,438
167984,596
173807,638
177124,224
175277,685
166411,707
162987,334
170599,561
170514,363
155223,533
134761,622
174718,487
174128,443
156079,145
155313,668
141856,209
167404,173
177071,749
173640,727
173534,178
174400,169
129770,191
171144,671
162842,543
155227,606
155227,613
177388,500
166093,608
165254,350
164204,318
164204,240
164204,591
122519,120
122519,422
181970,528
171019,81
171019,699
156891,600
155645,741
153818,726
149025,299
169418,405
168194,691
167087,522
165598,142
162985,738
172852,203
162144,361
147850,91
169559,10
166522,426
164244,114
163076,302
155963,66
155963,495
170913,590
163151,589
162002,537
162002,627
139518,292
169935,506
168374,256
168374,592
166216,537
158931,616
156131,580
151807,11
173216,405
172967,39
169291,416
167146,169
166794,31
166610,11
165314,405
160389,557
137908,537
137908,565
184369,633
172966,624
158028,412
152682,495
147642,107
144770,427
153518,638
141821,526
162780,50
161476,438
146066,334
143866,758
174702,679
152072,177
171029,146
169362,575
169362,650
146543,77
183798,329
179873,711
162147,744
164551,364
153483,209
174706,487
169941,363
169683,401
158928,692
158928,122
141862,355
193809,727
174713,77
169511,443
141860,660
141860,367
171601,146
156110,258
142494,607
166447,418
170221,537
174703,463
171346,427
171130,20
162904,537
139359,495
137747,289
177098,692
171203,164
151598,430
137706,374
199478,624
171050,407
169932,248
161474,122
206854,569
206146,620
174705,487
188828,492
154999,368
156062,422
156062,700
153495,145
168539,628
168538,401
187051,319
163363,647
163143,547
163143,458
166977,27
185463,622
175889,487
173956,388
170983,24
170206,523
166996,630
130622,663
156088,700
188367,754
174704,554
172842,308
170917,592
168946,564
168196,395
164293,423
164241,155
156093,209
166455,640
130706,190
204741,286
174720,118
122526,154
170752,493
162314,350
213544,713
186202,444
169296,203
155015,619
137660,4
161802,10
137715,289
177465,369
170620,608
174715,487
187832,572
156081,345
167474,363
167473,401
137310,730
170511,203
99088,598
170661,237
170535,427
170534,585
166532,142
155314,100
161645,405
161645,636
160514,216
156113,209
170509,350
174708,487
169402,738
164226,458
162989,581
127976,480
159886,427
167820,388
162670,633
170068,636
159074,334
162803,225
162209,746
162209,653
155419,587
129229,100
168992,594
166896,466
163142,49
162694,76
161992,302
154384,495
148862,653
142599,758
120755,539
183472,447
179872,663
169227,454
165070,11
163140,11
162720,663
162720,578
160900,726
159808,758
158927,692
158927,122
158895,727
154692,627
154116,741
145000,482
143085,405
143085,623
183475,447
174709,637
170496,20
168131,209
166459,628
165159,405
163204,623
154459,178
138788,657
132420,27
129188,325
127163,726
111322,318
169966,292
169929,608
166523,692
166523,543
166452,593
164312,542
163364,335
162984,675
159559,614
156632,592
170041,203
163329,325
161964,396
157399,393
154214,733
154214,161
166219,554
161364,361
158704,450
155389,10
150077,426
146206,742
169728,477
158926,742
156039,13
143327,205
142666,225
142666,131
126316,50
163024,592
160515,639
156075,209
154454,12
151970,97
146493,495
146473,458
146473,393
158791,89
153479,465
169811,347
166493,363
164298,561
155527,758
154587,347
137684,725
137684,295
137666,100
173244,663
170658,194
170561,551
166410,487
156184,642
174712,77
169749,20
134090,533
140501,438
137674,422
170660,203
137653,94
174707,705
134095,209
180520,492
169519,282
146638,332
205284,379
169451,753
169442,178
169319,72
159429,663
136149,350
157957,563
213699,204
146472,381
169526,20
147189,622
147189,658
160831,178
168962,608
168092,692
176857,606
176857,753
176857,470
176857,489
163327,528
177166,633
166609,564
165321,628
171659,109
169448,407
169372,201
193467,37
193467,217
177147,410
166588,645
165599,525
137665,487
158896,622
158896,311
158896,566
141892,533
168343,349
161647,623
162291,35
162291,368
167990,20
158595,539
158595,537
150429,323
169774,489
153493,70
133772,437
165426,178
205794,364
159926,325
180744,122
171403,422
171403,700
155321,705
156080,345
164297,561
164292,525
164240,625
164239,401
158908,11
156623,342
154525,727
146646,633
122585,518
167418,123
163544,23
135178,606
204324,350
166323,534
141857,437
156096,530
168163,383
166445,366
167147,282
166409,100
214896,569
165439,42
136484,595
136484,439
136484,106
109979,584
163542,748
156101,535
155168,562
150972,164
166104,526
165356,246
165356,730
163263,738
156105,77
145140,522
174649,487
169363,608
154643,10
166829,277
166829,773
155302,700
155302,437
152802,405
160447,237
159831,69
139606,27
139435,292
175646,338
169512,20
163136,731
159322,606
158530,347
156099,419
154745,633
150970,318
150970,591
150970,240
149883,243
148465,361
142598,292
131863,225
167145,407
163294,628
163079,292
161680,561
161441,468
156040,405
155971,443
155418,726
155418,105
142877,325
204619,235
170220,330
162983,331
145064,350
158830,255
153360,587
153360,25
147103,318
163205,72
160188,243
157397,587
157397,25
153339,627
141914,679
137676,372
168253,590
146953,495
146836,495
146836,66
146065,570
166974,585
166510,322
162893,325
155982,571
155730,758
154966,11
154391,557
141868,621
166614,592
163132,122
154789,758
153478,121
175152,633
166492,194
160850,578
160850,663
134088,383
163571,493
163137,578
174981,61
208831,228
151513,622
166446,487
137885,223
137683,554
157654,622
154967,122
155244,534
166381,714
166327,551
131680,606
166324,119
166213,198
162993,325
148149,663
148149,578
137726,209
122508,128
122508,129
184296,329
184295,329
184293,329
165680,554
183885,11
165749,15
165749,512
162482,227
161970,363
160735,477
147622,561
134099,77
109821,578
133892,346
165285,231
165285,510
170087,417
161440,417
179760,99
163138,48
164441,657
184294,329
165679,554
164875,662
165056,350
153687,458
147729,458
147729,547
169370,201
165647,20
155322,487
168577,500
164675,727
164538,177
137671,422
166325,487
114107,328
160701,401
128643,748
213634,427
143766,412
141884,710
156107,687
166221,487
141896,419
169912,248
166223,707
163825,554
156083,344
166050,677
156111,480
129246,163
128715,292
156078,238
156085,322
148370,142
161312,564
158871,405
156841,633
153452,692
131251,194
181863,588
156100,710
171728,301
164117,164
163417,578
156854,562
150672,164
141855,342
165525,532
157198,225
143653,325
151847,642
141872,694
141872,421
163619,539
157765,334
155158,622
148098,50
147369,398
145139,771
140754,617
179871,663
160442,522
160173,51
159452,637
154412,657
151801,11
151606,72
150957,97
141208,526
134226,767
134131,76
155070,627
148109,325
146678,96
146234,237
141865,693
137612,27
160829,155
154364,593
150075,169
149028,438
149028,596
148048,605
146975,142
131518,633
154876,730
154876,246
166062,405
162717,335
156896,543
156896,692
153845,375
141911,423
166220,206
162840,760
162840,751
147571,292
144188,399
127550,177
168555,405
168555,290
168001,543
168001,405
163256,89
157295,613
154965,347
154650,590
153332,359
153332,177
153152,537
151189,657
144932,292
163823,554
162312,443
155783,458
153344,405
151384,11
128893,350
191981,617
184758,185
169826,633
159097,525
159076,363
157664,82
140173,458
116805,23
188804,492
159839,622
159807,466
163257,585
169768,432
169361,329
163203,132
166217,551
159730,692
142684,638
128344,493
159728,636
162778,304
162716,20
157553,541
206853,569
161958,598
159731,198
152889,705
186198,663
161505,692
166284,61
168560,44
166060,633
169542,20
166038,329
163821,554
158991,638
162547,407
160088,608
155399,594
165559,460
146984,350
157919,628
152964,628
151896,537
146914,484
166041,329
137639,500
137639,218
161981,210
157631,561
165524,551
163818,554
162923,525
161632,470
161632,279
153553,564
152122,578
146743,578
140499,393
154983,203
161923,350
166040,329
184761,246
184292,329
159599,422
159599,700
157883,663
159569,146
152556,395
135429,6
131485,261
160962,222
159751,435
160865,692
160865,458
160865,394
214263,231
141876,159
169911,248
163797,554
160830,315
160830,472
156162,401
156161,363
156017,561
154924,633
151300,347
138056,246
138056,730
160382,269
137641,70
137685,209
126289,411
159497,270
158990,638
156053,458
155738,72
143201,458
150653,578
129238,554
160836,71
159494,194
159490,531
155068,578
138612,70
160147,353
156059,744
155997,232
187592,341
164205,21
147133,487
159582,487
155839,100
146954,268
139213,318
139213,591
139213,240
125869,543
144144,427
137308,642
116867,495
156067,350
148969,426
142849,107
142193,576
141785,72
136430,350
155291,773
155291,277
142914,347
136435,62
135778,589
126529,89
160054,20
152765,205
151679,52
147216,493
145665,11
144553,571
144092,97
142853,325
140596,405
135102,361
130588,495
169910,559
155907,423
155089,50
154969,122
152523,190
151040,417
143338,758
143064,657
163784,554
159869,189
158997,633
154785,622
148116,105
146850,733
146346,466
141880,679
139821,292
130696,647
155211,292
155202,31
153841,323
151806,333
147864,570
146323,748
141062,164
153629,742
141249,738
151252,733
151252,336
147511,554
137909,225
156091,553
154982,292
153492,723
141895,529
169384,146
160236,570
159687,426
134097,103
134097,65
166251,220
161927,647
159453,551
154887,538
153494,209
160089,178
159109,122
158923,198
158869,405
157693,647
155221,223
155170,401
155169,363
145739,11
140665,248
158914,122
141352,368
141352,35
158983,20
163783,554
158925,753
158925,494
155925,653
187775,692
214947,502
214947,480
155220,100
145440,378
114123,713
169794,31
165645,20
142298,465
142136,477
158539,601
153431,331
150117,583
180803,320
158230,407
155325,300
128207,663
128207,155
158222,407
139376,400
184291,329
121514,397
154076,82
151632,438
141864,700
141864,260
139498,10
157181,487
141893,100
153496,61
157653,727
141212,526
157127,554
157425,179
157349,470
114842,623
205873,246
157347,315
157347,231
157347,472
157347,46
157062,584
166058,123
159454,203
159454,603
157331,198
142770,123
153499,534
157058,11
157419,586
153346,628
150950,463
21294,178
156189,551
126389,679
169767,432
155327,487
155193,204
140660,727
152881,452
151018,630
145069,68
155093,554
154937,432
153930,743
156001,608
153791,318
151067,524
141877,435
139806,412
126390,103
158643,404
138565,169
155195,204
140999,11
168564,335
146489,733
175347,741
155843,639
155723,487
148401,524
146962,580
155692,408
172844,308
143277,741
126425,164
152207,176
152207,280
135660,647
135660,6
135660,62
155767,284
146676,438
127230,350
147885,606
146438,325
116674,606
141400,525
141400,699
193812,762
193812,727
142481,633
141949,764
137822,10
130003,122
150188,678
139092,72
136150,246
155222,209
152292,628
151803,72
151379,423
142541,405
141870,209
139311,633
139310,62
135515,325
168559,330
144533,347
142985,197
142985,246
142985,730
141861,100
140439,738
131516,426
158570,203
155775,318
155196,704
154545,146
146233,635
131182,10
130298,396
145604,639
140005,633
137704,145
125910,428
155348,606
154828,558
154672,657
142343,89
139369,178
137642,70
162271,98
162271,622
155526,405
155345,526
155276,311
155011,563
146475,32
143086,552
143086,311
139274,622
128890,639
210071,770
150695,177
145815,761
142838,692
142838,122
142701,72
139630,738
124395,178
155496,178
151631,538
151414,452
151411,363
148970,458
141852,439
137341,325
129244,4
155171,376
155171,524
156571,647
156571,653
156571,575
156571,633
156571,563
153322,742
139587,97
170659,203
137679,724
146921,53
146921,764
155092,554
154961,524
139820,361
154678,663
144687,663
155841,198
139643,575
154953,585
166218,554
137819,523
120377,638
158542,494
154591,600
154468,194
153567,590
142769,104
153412,89
154150,554
151072,628
132055,11
188827,492
146722,741
122516,434
169770,487
186586,198
137677,59
137677,206
142173,142
182545,443
150157,127
147929,525
125440,744
193414,504
155631,744
154020,407
154001,663
148379,622
126439,305
177458,232
146321,493
138611,70
138065,338
125261,323
122511,223
157648,122
153906,589
153906,332
153777,487
153775,493
153418,551
159455,603
153507,157
153424,554
151280,209
151691,194
154418,493
141902,663
146632,622
136459,395
148042,608
141351,350
150575,146
122509,120
187517,404
149073,738
131912,592
153200,422
153200,700
153146,11
151659,663
137728,383
132530,345
122531,67
151635,204
141879,595
148148,384
148147,401
148112,68
144506,525
126394,103
146501,493
153840,606
143082,578
141881,117
141873,487
133730,100
152804,122
141866,106
134102,77
134102,270
149326,66
149326,495
152213,554
141900,419
134101,100
148179,331
146631,622
129251,700
129251,484
129196,292
151313,621
148334,551
137742,61
152603,766
154539,20
152472,408
140642,622
137730,383
152636,727
137602,130
155525,72
150909,508
148960,72
146565,223
146922,622
130592,562
140753,592
146637,13
148492,277
148492,773
145001,526
142876,633
137621,232
136707,742
126402,254
151634,151
145260,522
144509,76
144323,388
139093,122
154540,20
147430,564
146650,239
144858,537
141391,325
135177,606
132804,203
128223,495
122688,533
140187,346
140187,592
138882,748
138882,232
149874,325
136934,758
135806,56
127090,438
124641,399
117196,730
117196,246
114745,318
154385,20
151898,608
147212,551
146210,557
141878,693
139212,318
139212,591
139212,240
133844,347
146648,80
145545,334
136796,590
129192,474
122522,120
151511,487
146668,528
146625,11
145468,523
112640,691
103118,528
152212,554
151128,632
151128,537
149095,487
143417,169
143270,11
142095,587
141775,177
141775,359
136064,731
124410,633
98577,34
147578,628
104460,96
144677,325
137734,448
137734,288
137734,207
129250,551
160856,633
151126,177
150080,487
147287,395
146951,538
146837,452
146742,82
146741,200
145916,38
145916,406
151327,727
151063,432
137643,707
108353,741
140765,184
214077,325
150947,100
152211,554
133898,663
138425,537
117074,608
150848,198
150583,20
149810,487
146282,628
139273,622
130705,690
137736,70
154173,196
150202,585
129652,668
109928,523
144996,564
174125,404
150545,622
117756,458
117756,547
149847,337
149799,554
149701,707
141882,322
131520,76
130305,164
149498,551
145813,692
136303,22
108357,692
113689,52
183474,447
213379,146
213379,18
147887,348
158621,666
148226,487
122670,145
132232,331
148295,20
146409,534
145016,628
142455,692
141898,430
148104,214
138700,458
133866,707
114108,23
149071,700
149071,422
146729,204
132052,537
132052,627
177060,248
169884,592
159581,487
146730,204
126369,374
172896,290
142549,537
133124,323
151780,37
141869,437
181831,308
170056,362
146512,729
142219,633
141368,564
137698,465
129201,405
126367,61
148816,198
109911,458
109911,547
146541,487
143150,326
143203,623
121176,31
144676,692
141350,122
140350,606
140350,613
132351,302
127911,164
179870,663
146552,693
142016,139
142016,259
140960,122
140960,692
134732,458
132171,350
125367,11
146886,128
133175,657
132010,758
123330,292
117197,72
116605,225
149098,20
142984,405
138459,333
135384,758
132474,592
132474,256
154081,399
141014,412
140830,72
140787,72
140787,31
132532,190
130586,495
130586,66
130319,164
111321,318
111321,149
140457,177
140002,633
141136,557
140842,164
133412,562
204617,235
148376,171
146865,541
146865,89
145968,232
142842,91
142074,178
139303,75
139303,76
136080,528
132526,325
143455,524
140085,731
138452,333
137633,398
137633,405
137281,205
133891,622
129193,292
125124,733
200372,148
147226,501
143286,628
143080,424
143080,405
146934,740
141774,423
158676,424
155913,617
155911,335
155910,279
155736,457
146923,585
144336,20
136226,107
145841,689
143202,27
200647,583
154041,404
146866,524
125447,388
143508,645
149974,539
143065,68
135513,561
143846,53
143846,764
137337,495
170823,308
149099,20
146503,10
146497,524
142806,663
142806,583
140955,464
124032,458
159708,88
148821,474
148821,766
148821,225
148821,575
146485,664
141534,570
146471,272
172973,658
147728,20
138833,477
146140,493
139589,325
130550,692
146208,407
141907,741
138379,653
126783,539
143289,427
188068,283
188068,233
170443,246
154163,54
142229,452
142117,525
142116,525
113345,458
113345,543
139170,551
145608,592
162745,231
146397,653
145478,391
145210,554
142553,529
146887,170
145508,274
136302,347
136192,633
143663,528
142411,738
145925,201
145012,692
145994,20
152005,20
145059,405
140321,42
145063,756
195934,642
145895,582
145830,637
144991,407
146885,633
142080,663
123752,653
140431,628
140320,564
134070,205
134070,221
102891,458
151779,202
145852,20
143620,550
133661,289
140502,325
137378,135
186619,455
126391,419
144451,133
141887,710
141887,700
140883,452
138717,182
129243,4
101705,457
145824,707
145823,8
141132,100
137740,255
143485,600
137738,209
147337,21
142794,405
139592,311
137725,484
126400,430
145708,378
143483,430
136436,323
133786,551
141899,693
135136,738
148932,54
138912,331
143863,405
141871,487
139675,524
112323,53
112323,764
143612,622
143416,483
134252,405
127050,450
119056,761
149346,80
143415,352
137247,225
130591,409
130591,388
129190,726
122808,142
142826,277
142216,405
141874,271
139804,325
135848,590
131681,350
126288,578
144993,585
144852,665
141063,297
141063,552
139648,292
136428,466
132405,122
131548,122
124060,292
112719,742
109820,317
142274,405
138424,537
129191,292
128828,50
125682,246
125682,730
145405,493
145405,325
127549,107
118465,25
118465,587
143405,470
140643,122
128400,325
128034,13
189717,199
143413,451
140950,32
137312,347
130166,361
141890,269
140430,628
137745,144
117765,493
140700,727
136344,639
130389,10
143759,493
134283,554
146347,721
142716,551
137739,374
114106,128
145705,405
144803,27
139883,401
139637,561
139466,726
139451,56
138360,68
133787,487
131573,350
121532,625
145611,94
118201,94
148820,358
142808,527
134469,561
134089,103
131994,720
127619,203
132312,484
113363,663
113363,48
213428,291
129245,300
169404,744
142458,532
154386,147
154386,689
120125,693
177411,487
131477,141
152434,272
142329,771
145709,622
130558,292
125841,72
120220,77
145898,458
143309,609
142262,407
134710,334
131942,741
142052,179
137675,551
142178,487
181468,540
132679,647
138658,384
138411,525
98471,738
145829,554
109946,738
119956,371
142015,179
142172,439
142172,595
142172,676
141802,554
154974,493
142018,745
140788,630
137709,698
137709,397
137743,209
140645,700
140645,422
139386,578
105931,547
145958,405
141528,179
138899,458
138899,547
130050,198
141309,436
141056,715
130033,273
125931,203
213463,146
145799,20
141329,500
141055,756
137729,383
139986,487
139563,204
126357,439
124140,11
139353,640
137264,561
132893,72
123899,292
160205,325
154198,399
139564,126
137678,551
169825,592
116010,637
149454,432
140701,122
140689,663
140689,156
135864,663
145893,692
165557,11
139436,116
141904,493
139434,204
137799,42
133411,176
133411,280
132300,483
132300,757
113717,692
136947,495
132528,326
135432,48
131878,334
126393,527
143287,547
143287,712
140175,595
134623,633
132525,325
129874,771
127400,663
126363,696
120646,164
105119,619
140252,86
139348,693
132545,122
132473,114
131584,11
127412,627
137757,209
129549,522
127401,543
118390,325
118126,522
112019,522
135171,689
133965,405
132193,292
126368,533
112716,246
112716,730
112716,197
108987,522
131565,347
131565,350
129898,495
129898,605
126793,97
126213,699
126213,580
140163,225
131005,623
130962,203
129068,268
128827,240
128827,591
128827,318
138063,477
131019,49
127720,570
118103,347
204616,235
137309,663
136119,647
136119,165
133510,51
132071,234
131586,11
131083,438
126897,733
109745,657
109745,647
137227,325
135939,398
132806,405
131264,622
129973,590
122292,587
182152,631
138383,288
138383,560
136221,303
136221,308
136049,628
126790,164
87502,405
139811,289
139351,249
136829,495
124195,633
145840,689
134081,77
120205,661
135255,27
140601,715
139813,633
128705,526
185776,470
185776,727
139375,538
136270,401
122631,465
139586,685
129759,27
138060,318
138060,638
138060,311
138060,239
138060,575
138060,458
138060,523
139449,726
137877,56
137686,397
140101,772
140101,754
139304,84
107203,323
139276,528
138714,523
139342,133
137804,323
126186,399
193906,762
193906,727
139354,563
130713,593
138699,405
140371,586
122652,209
139751,480
188826,492
134288,628
113254,659
113254,314
138716,592
139074,585
138260,595
134946,363
132209,525
125838,741
118743,495
138351,435
137075,122
130046,198
206845,497
138345,692
137761,554
136397,646
116676,25
116676,587
116610,493
138064,551
140882,231
127371,526
133774,487
122052,458
143380,715
132381,620
138271,585
132698,663
132444,583
132444,663
137898,20
129263,4
121467,61
140103,754
140103,460
137983,397
132203,628
126659,738
137537,653
180743,11
132456,495
117002,528
115853,641
134116,564
127331,537
116756,122
115833,328
136657,520
126440,8
157074,539
136137,578
132904,633
122671,209
120321,100
120208,634
120208,734
136635,204
136706,607
130190,338
126397,9
126397,430
122434,350
137039,258
137039,615
136976,2
136461,554
132324,622
107625,543
107625,619
142963,493
136582,194
137275,422
136309,679
128703,528
126350,693
137613,542
126347,258
139527,486
136862,551
132126,347
131880,129
128077,695
127271,572
126366,209
125868,539
117989,53
126047,684
126047,627
114118,370
137063,745
135108,277
114979,622
135923,432
135923,754
130997,493
127366,361
139106,10
128545,423
127227,31
120608,495
116740,632
136452,323
131009,328
124494,468
107717,323
139754,350
139752,727
139752,596
136538,135
125909,428
125206,97
114302,177
180850,404
136517,405
136517,146
136517,290
126546,633
126546,690
126432,496
116742,10
112802,571
136263,190
136512,20
130549,350
129277,292
128712,178
127721,639
125640,73
125640,761
125446,426
117612,292
136310,122
131646,738
130392,203
130392,552
127688,107
126360,100
126192,657
120209,495
114065,748
130692,628
128740,578
131150,622
131149,438
122441,50
131773,122
115900,533
136297,104
136146,487
131826,525
117764,493
115895,633
110224,663
148002,20
147996,663
136128,218
136128,692
136128,489
135866,393
135836,211
127399,246
143293,663
117573,719
135626,272
127958,563
126275,764
123645,325
105595,622
129239,487
136206,165
136206,647
130074,628
130073,628
113024,318
99900,104
99730,427
127149,334
122630,70
136145,595
134120,622
133413,432
130654,452
130653,384
109217,467
109217,101
134413,96
101216,539
136946,20
138683,135
134168,554
151987,178
140377,236
134107,487
133869,551
132305,144
125368,11
138676,135
129222,154
134289,585
134045,713
121528,345
103277,458
136779,681
133728,484
137270,337
127363,758
213462,146
134861,481
129228,558
138679,135
126833,713
136646,325
133425,548
129115,525
128623,525
126403,595
131930,350
123375,484
133463,222
133463,617
131647,708
130058,628
127368,292
139297,551
126395,159
132527,757
132527,400
126354,554
131239,255
129750,564
120218,209
117763,493
138414,458
188619,542
114114,435
121477,348
138685,135
135605,493
116338,72
132283,766
114112,4
113653,633
131475,342
125867,72
143553,378
124675,164
139397,419
188825,492
133849,741
132467,608
131650,432
114535,89
131649,204
130777,292
125038,122
120697,653
120534,525
120120,325
119683,292
116589,11
113428,528
129814,292
120376,537
120376,743
119042,689
119042,147
112608,474
131675,9
130445,405
128737,405
125839,731
117448,657
117448,412
128399,576
126664,622
125426,292
110733,350
136141,622
132096,323
130516,203
126791,178
113418,592
131929,487
130514,632
130514,537
128547,405
128547,424
124194,633
123802,742
116741,10
115183,543
129801,188
129386,743
129386,325
114232,758
130584,89
130584,541
130515,203
130512,405
124858,458
123494,325
122562,465
116588,292
113359,633
112376,543
132697,663
131648,204
130442,539
128546,692
122348,537
122148,398
121962,318
121962,591
121962,240
120859,633
119806,445
139682,129
131866,50
130253,405
127126,628
126835,31
126835,72
122039,195
113950,638
138182,350
131867,445
125351,578
119675,91
129664,62
131927,578
130513,665
114840,399
131047,11
122639,383
131991,654
117193,738
136139,287
130846,417
130323,223
128516,564
124115,27
124786,417
124786,738
122043,687
149040,203
131118,122
131045,663
121026,663
102498,458
122690,487
131944,20
137106,2
133146,198
132821,329
130921,84
130781,539
130781,134
130911,20
133138,296
162744,231
3786,594
130707,123
132634,627
130568,526
117556,292
145800,20
130619,551
21569,265
115567,230
126905,663
130620,455
126820,625
126571,561
126531,68
116069,330
132192,670
130354,275
125428,733
117067,292
129946,554
124472,87
135889,493
130303,749
130303,487
126356,258
129627,771
129540,643
127691,308
110200,169
110200,458
137097,2
123476,592
123476,346
129872,663
122695,655
122695,554
116982,338
131770,633
130188,661
130188,66
103712,663
103712,578
101595,27
120213,383
129789,225
130529,653
122527,527
129832,289
129462,2
129462,579
128563,147
128563,689
122954,628
129571,194
129208,487
129208,365
130447,194
129628,4
157417,446
130439,203
129202,422
129202,700
134222,287
125516,525
125515,401
129342,756
129203,487
129037,551
127595,531
131329,212
138416,727
138416,765
138416,507
138416,530
138416,737
131598,658
131096,633
126392,710
131664,640
117085,578
113595,412
120159,683
124132,542
128675,20
127689,308
126819,72
113936,633
124845,122
121681,26
121681,241
120150,399
120150,738
116752,578
116752,368
114862,578
113425,635
130402,50
124612,28
114473,727
114473,762
114304,387
114304,458
108511,10
126678,277
109403,495
108465,570
106503,686
128872,72
124394,514
124394,139
124153,738
124080,122
123779,450
114087,663
114085,31
113814,334
131964,198
131701,356
128367,412
123785,243
118375,412
116944,292
114307,616
129600,646
128306,608
124555,537
117696,50
117533,325
114129,72
113231,741
112443,758
109261,76
108725,122
108631,741
103713,663
103713,578
103632,375
103632,747
127692,203
119123,761
114301,325
114194,417
113476,318
104459,96
119661,691
109010,333
127690,537
125068,628
125067,628
124223,592
124131,265
126242,590
116287,325
116287,205
112649,325
124136,287
131668,168
127536,758
113692,243
127984,551
122654,374
120194,144
119321,584
131999,253
127908,456
113585,292
127957,727
123434,104
115830,124
114564,405
113596,738
98776,563
127686,218
157172,91
145903,744
122691,419
128541,721
127991,487
142964,493
125183,564
179778,225
127977,443
139736,407
130251,552
127225,20
122672,223
118936,525
115846,77
112930,335
188076,283
188076,233
133353,458
157418,446
123474,642
110277,350
126896,458
126896,644
126896,756
103276,543
116697,68
128019,262
126506,91
114721,93
117012,554
117012,60
142967,334
104749,292
130104,407
123383,452
123360,561
120892,76
116226,161
126874,20
176084,410
126831,303
129351,554
123845,564
122575,537
122575,483
122575,539
129466,47
126315,308
122520,487
99659,661
121679,345
126662,623
121034,225
117758,273
108630,663
120203,275
120268,484
126907,311
125491,298
156907,203
116962,172
116962,566
125308,575
125796,692
125796,579
113260,258
112612,663
125517,647
125425,84
124600,732
122442,363
122201,525
122201,538
122199,525
116400,395
115069,493
115907,360
127996,551
114117,342
124338,77
127040,198
122521,551
114030,758
123379,533
125321,122
113416,326
124339,204
142962,493
125870,110
125208,311
120193,77
120193,249
147764,405
120270,465
112151,771
122497,255
122137,28
124028,632
120851,606
120405,100
117755,726
111145,423
111145,562
124397,432
108713,748
125887,629
124703,350
124204,204
122807,350
118419,423
114124,458
110632,587
110632,25
127041,198
124896,177
104198,190
126650,232
123803,91
121799,537
121799,335
109287,657
128392,20
117086,147
116566,606
116005,458
109940,554
103119,741
142051,493
124230,77
121567,443
114340,177
112667,495
105244,114
116147,733
111428,164
111324,164
125153,146
124340,515
123081,192
121645,525
110355,239
125274,311
117757,66
117343,91
115740,361
112300,10
124114,244
118399,622
118376,405
118376,623
116700,649
116267,526
116173,11
114263,514
114099,663
113970,622
113652,11
113538,458
113415,350
112124,292
119350,628
119258,458
116673,575
116673,650
116242,361
115836,529
112609,97
112479,528
111137,50
187055,541
114446,438
114120,414
114120,125
141950,208
124561,738
124345,726
122632,72
143917,493
129692,754
129692,772
120506,525
102997,128
102997,129
125331,266
109125,11
103047,323
128418,122
128418,592
108356,619
114249,11
193907,347
122689,487
127465,20
123948,692
120272,551
115082,226
112788,589
111312,537
123903,20
108978,163
154196,20
119978,567
120325,663
120325,312
120325,583
121797,440
130939,741
127213,20
120404,263
124960,203
123994,122
123612,122
114195,107
124963,203
130473,104
123436,272
119491,42
119484,564
119254,401
118860,525
114943,72
110857,203
154541,771
117532,458
120419,258
129350,554
111734,334
155918,353
124668,20
123885,325
123464,20
123952,622
122349,738
122875,632
122875,179
121215,145
115834,209
21719,771
156063,663
111852,225
110595,61
180742,11
137803,270
121684,670
113669,537
113023,318
110699,61
120126,554
120126,668
120046,203
120046,288
120046,448
129227,3
131367,583
131367,663
120343,61
120300,713
118166,363
117773,525
117761,68
114333,252
120521,520
123155,622
122979,622
107069,518
122536,653
115844,422
115844,700
121956,435
121956,615
129548,9
117014,258
144827,493
123901,20
119696,66
119696,661
119113,692
118656,564
118167,42
114116,45
110371,350
136950,369
126661,738
122248,262
120519,249
110446,750
110446,617
120180,277
120180,150
120180,632
117034,172
121177,383
114308,11
113286,49
120320,100
120301,487
117150,556
113813,633
111965,699
120700,608
119923,348
115901,533
115113,178
112803,347
108489,748
112357,523
149345,80
110353,393
108632,691
110028,578
108941,689
108941,147
120522,432
116648,590
116006,350
112258,624
116182,554
123490,388
114236,741
112818,758
112301,495
104937,726
119812,587
116259,203
130448,98
116946,68
123778,743
123778,589
139044,727
139044,495
120326,397
120326,382
119928,551
117572,258
117572,223
140160,585
119927,551
114963,575
120055,194
114622,350
120757,122
143491,378
120211,232
149039,203
137126,511
115138,628
126168,325
119964,155
119964,433
119964,575
119964,650
119964,755
119964,618
119964,359
108522,633
110349,692
153521,29
115656,405
132348,171
116251,452
116181,525
115136,628
115800,209
118971,347
129349,655
120771,20
113947,395
120324,432
119925,721
119924,487
128862,407
118448,692
119960,20
119929,551
113906,147
113906,689
113906,493
109148,61
121856,70
119938,209
122041,292
118131,364
118125,399
114981,96
139843,585
117000,92
114136,258
115671,561
115405,564
115115,401
115114,625
115077,525
105401,77
104040,200
124341,325
106154,547
106154,458
115186,245
144822,493
124082,347
124082,727
124082,638
124082,519
124082,762
124082,251
124082,614
116965,23
116320,577
119926,487
108629,325
114402,647
114402,398
114043,292
113051,493
112641,11
114891,733
114888,122
114119,397
112534,622
112444,423
114233,623
116964,487
115892,308
115845,527
112296,107
116848,620
116848,706
116787,162
115651,578
114105,117
112325,731
111762,633
109019,164
107871,142
116999,432
116248,405
116248,692
115821,359
115654,262
115199,308
113108,613
113108,606
110458,758
107294,399
118630,541
118630,89
117496,164
116793,31
116793,72
114811,663
114717,405
113990,647
113990,165
113693,31
113570,97
111323,552
111323,311
111310,292
111310,13
109020,164
108266,733
108241,426
107911,258
104647,495
103110,639
132696,663
117096,663
114411,405
114072,91
112353,622
112302,405
110547,526
109856,350
126643,292
116786,405
116415,633
113705,628
111500,493
116384,458
116258,122
115230,653
113311,31
106319,627
106319,537
116789,110
114555,255
110130,761
109150,258
131459,578
118200,171
123382,369
119344,750
119342,54
116979,72
116968,350
206074,263
114948,555
114946,730
114945,684
114243,625
114242,525
113917,458
112686,228
112686,592
117574,622
112166,578
110445,292
121201,158
115519,733
138605,311
110354,638
125600,123
116246,172
145560,53
132034,492
115715,566
136292,139
115839,209
123417,86
113811,31
117168,487
113220,628
110337,561
116780,575
117280,203
116210,493
116922,20
101574,423
116409,433
114442,15
113621,561
114052,27
112177,495
114196,222
188053,316
129348,554
115685,84
114334,622
108260,730
109171,230
134047,692
108714,347
112375,628
188823,492
109586,592
112748,663
115178,487
115107,730
108623,691
113187,537
112936,363
112908,525
112374,628
112033,10
115036,179
112324,107
112125,292
114958,638
115905,204
114949,84
138687,155
127506,663
117913,122
114947,491
114926,635
113864,40
114448,663
101634,493
120510,293
108267,733
114987,639
114121,258
101499,11
139726,242
116978,185
114959,77
114744,318
100643,318
113932,575
110178,608
107651,562
107651,423
110615,172
105228,350
114558,348
107201,89
111944,475
111501,193
110613,613
110270,438
107067,733
106625,458
104936,177
99807,11
112480,647
112480,404
111790,458
109964,350
109964,331
108617,522
108617,256
108463,334
107880,438
104462,292
104391,10
114113,527
113470,318
113470,427
111951,542
108450,427
107420,388
106863,205
101168,225
98515,114
116923,20
114557,194
113463,232
108628,428
106479,495
119080,727
119080,530
119080,459
114656,576
113851,16
113851,79
113851,762
113851,750
112293,587
101367,578
114657,308
113417,590
110350,388
109298,523
104461,96
101350,239
113469,325
110090,514
110090,139
104051,528
114417,717
105190,396
108092,164
114562,374
114841,226
114841,11
114109,258
114389,11
112625,292
112625,175
114561,345
115877,23
113907,533
113472,405
112356,469
112190,401
110131,405
110131,627
109638,26
104038,200
112472,748
124662,32
116138,551
129050,585
112233,561
112135,350
108553,738
104868,554
206855,569
128215,653
114765,20
154175,20
114922,771
114434,417
116620,693
113273,405
101610,31
113924,651
139040,417
110413,633
110413,369
117408,622
140370,586
113668,218
111964,93
126876,50
112658,633
111656,469
111320,525
111319,525
105596,622
108598,427
138103,164
121035,350
124965,567
129347,554
104979,677
113722,258
113722,223
109639,51
108487,651
118202,94
131992,615
126832,713
112153,405
146859,692
113828,20
113654,663
113654,583
113221,417
123394,415
112308,703
112308,273
111905,203
110336,395
116328,20
114604,120
114604,479
112010,323
127105,750
113308,528
110347,95
109492,614
109492,49
111048,332
112031,292
108581,292
108581,541
100675,122
188054,316
123115,697
114317,445
111290,543
110730,538
108945,292
116222,647
114559,103
114559,157
108307,458
113290,531
112454,622
101215,347
108626,427
113419,487
109737,663
129688,754
124027,20
107993,523
111400,325
108759,11
104679,562
109963,292
107666,387
107666,458
104276,738
103638,458
108577,122
108478,347
104052,10
124430,427
112381,179
110786,623
109616,325
107660,417
104722,177
108928,578
108928,368
110810,635
100246,438
124014,20
116998,432
111001,359
110867,267
109562,423
108358,228
104158,346
101349,474
101227,758
129815,141
111728,146
110229,614
110229,49
108891,450
108554,40
108554,388
105246,169
111082,72
109321,265
107693,72
107346,350
103275,122
101317,562
112732,26
112732,241
110789,537
110788,405
109089,578
187054,541
114234,113
114234,112
