estudio_id,estudio
1,100studio
2,10GAUGE
3,1IN
4,2:10 Animation
5,302planet
6,5 Inc.
7,5BRICKS
8,717 Studio
9,7doc
10,8-bit
11,A-1 Pictures
12,A-Real
13,A.C.G.T.
14,A4works
15,AIC
16,ALBACROW
17,AMAKAWAANIMATION
18,ANIMETRONICA
19,AOI Pro.
20,AQUA ARIS
21,ARCUS
22,ARMS
23,ASK Animation Studio
24,ASTROBROS.
25,AXsiZ
26,Acca effe
27,Actas
28,Adnero
29,Aisi Animation Studio
30,Aisle
31,Ajiado
32,Akatsuki
33,Akatsuki Media Studio
34,AlcedoAlcy
35,Alfred Imageworks
36,Alke
37,Alpha Animation
38,Amineworks
39,Andraft
40,Anima&Co.
41,AnimationID
42,Anime Antenna Iinkai
43,Anime Tokyo
44,Anyzac
45,Aqua Entertainment
46,Aquastar
47,Arc Anime
48,Arect
49,Arvo Animation
50,Asahi Production
51,Ascension
52,Ashi Productions
53,Asread
54,Asura Film
55,Atelier Peuplier
56,Atelier Pontdarc
57,AtoriE
58,Aura Studio
59,Aurora
60,Axis Studios
61,B.CMAY PICTURES
62,BAKKEN RECORD
63,BELLNOX FILMS
64,BENTEN Film
65,BETOBE
66,BLADE
67,BONEDD
68,BREAKBOTTLE
69,BUG FILMS
70,BYMENT
71,Bandai Namco Filmworks
72,Bandai Namco Pictures
73,Bee Media
74,BeiJing BoYiChuangWei Digital Media
75,Bibury Animation CG
76,Bibury Animation Studios
77,Big Firebird Cultural Media
78,BigBigSun
79,Blaze Studio
80,Block 12
81,BloomZ
82,Blue Bread
83,BlueArc Animation Studio
84,Bomb! Cute! Bomb!
85,BooKong Culture
86,Boruntong
87,Bouncy
88,Boundary
89,Brain's Base
90,Brave pictures
91,Bridge
92,Bright Studio
93,Buemon
94,Build Dream
95,Bunny Walker
96,C-Station
97,C2C
98,CALF
99,CEKAI
100,CG Year
101,CGCG Studio Inc.
102,CHOCOLATE
103,CHOSEN
104,CLAP
105,CLOUDHEARTS
106,CMC Media
107,CONNECT
108,CUE
109,Campfire Aniworks
110,Charaction
111,Charming Fox Animation
112,Cheer Digiart
113,Children's Playground Creative
114,Children's Playground Entertainment
115,Chirying Culture
116,Chongliyuhua
117,Chongzhuo Animation
118,Chuangpu Animation Studio
119,Chuangqi Studio
120,Cloud Art
121,Cloud Culture
122,CloverWorks
123,CoMix Wave
124,Coastline Animation Studio
125,Coco Cartoon
126,Coco Legends
127,Collaboration Works petit
128,Colored Pencil Animation
129,Colored Pencil Animation Japan
130,Coloroom Pictures
131,CompTown
132,Contrail
133,Cover Corp
134,Coyote
135,Craftar
136,Creadom8
137,Creative House Pocket
138,Creative Power Entertaining
139,Creators in Pack
140,Crew Cell
141,Cyclone Graphics
142,CygamesPictures
143,Cypic
144,D.ROCK-ART
145,DC Impression Vision
146,DLE
147,DMM.futureworks
148,DOLESS
149,DR Movie
150,DRAWIZ
151,Da Yu
152,Dai Nippon Printing
153,Daily Plan.net
154,Dancing CG Studio
155,Dandelion Animation Studio
156,Dangun Pictures
157,Daysview Animation
158,Dazzling Star
159,Delight Animation
160,Dentsu
161,Digital Network Animation
162,Directions
163,Djinn Power
164,Doga Kobo
165,Dongwoo Animation
166,Doraku
167,Dou-Raku
168,Doumu Animation
169,Drive
170,Duoling Cartoon
171,Durufix
172,Dynamo Pictures
173,E&H Production
174,E-DEHI Animation Studio
175,EGG FIRM
176,EKACHI EPILKA
177,EMT Squared
178,ENGI
179,ENISHIYA
180,EOTA
181,EVOLROAR
182,EXNOA
183,Eallin
184,East Fish Studio
185,Echoes
186,Ekura Animal
187,Electric Circus
188,Elias
189,Elite Animation
190,Encourage Films
191,Escape Velocity Animation
192,Ether Kitten
193,Ezo’la
194,FENZ
195,FILMKO
196,FIREBUG
197,FLAGSHIP LINE
198,FLAT STUDIO
199,FUNNY MOVIE
200,Fancy Realize Media
201,Fantasier Animation
202,Fantawild Animation
203,Fanworks
204,Fatchi Moxie Studio
205,Felix Film
206,Fengyun Animation
207,Fever Creations
208,Flint Sugar
209,Foch
210,Folium
211,Forest Hunting One
212,Frencel
213,Front Wing
214,Frontier One
215,FuRyu Pictures
216,Fugaku
217,Fun Flux Entertainment
218,G-angle
219,G.H.Y. Culture & Media
220,G.S. Pictures Animation
221,GA-CREW
222,GAINAX Kyoto
223,GARDEN
224,GEAR STUDIO
225,GEEKTOYS
226,GEMBA
227,GOLD BEAR
228,GONZO
229,GRAPH77
230,GRIZZLY
231,GYORAI EIZOU
232,Gaina
233,Gale
234,Gambit
235,Garage Film
236,Gathering
237,Gekkou
238,Gen Long Culture
239,Geno Studio
240,Gift-o’-Animation
241,Giga Production
242,Global Digital Creations
243,GoHands
244,Gold Valley Films
245,Gosay Studio
246,Graphinica
247,Grass
248,Gravity Well
249,Green Monster Team
250,Green Planet Studio
251,Greenleaf Animation
252,Gudong Animation Studio
253,HAPPYMAN♥
254,HM Heros
255,HMCH
256,HORNETS
257,HS PICTURES
258,Haoliners Animation
259,Hayabusa Film
260,He Zhou Culture
261,Heart & Soul Animation
262,Helo
263,Hong Ying Animation
264,Honglu Technology
265,Hoods Entertainment
266,Horipro
267,Hot Zipang
268,Hotline
269,Hua Dream
270,HuaMei Animation
271,Hui Guang Studio
272,Hurray!
273,I.G Zwei
274,ICHIZIKU
275,IDREAM Entertainment
276,IKIF+
277,ILCA
278,ILCASHIPS
279,IMAGICA DIGITALSCAPE
280,INDIVISION
281,INREALITY
282,INTERFACEDOGS
283,Iconix Entertainment
284,Ijigen TOKYO
285,Imageworks Studio
286,Imagica Infos
287,Imagica Lab.
288,Imagineer
289,Infinity Animation
290,Infinity Vision
291,Ishikawa Pro
292,J.C.STAFF
293,JJJoy Animation Studios
294,JUVENAGE
295,Jiang Toon Animation
296,Jichitai Anime
297,Jinnan Studio
298,Jinni's Animation Studio
299,Jintu Pictures
300,Joicy Studio
301,Joker Films
302,Jumondou
303,Juumonji
304,KIKO
305,KIO STUDIO
306,KONAMI animation
307,KUAIYING
308,Kachidoki Studio
309,Kachigarasu
310,Kagome Company
311,Kamikaze Douga
312,Kanaban Graphics
313,Ke Yue Xue Zi
314,Keika Co. Ltd.
315,Kenji Studio
316,Keyring
317,Kigumi
318,Kinema Citrus
319,Konyoshi
320,Koo-Ki
321,Kumarba
322,Kung Fu Frog Animation
323,Kyoto Animation
324,LICO
325,LIDENFILMS
326,LIDENFILMS Kyoto Studio
327,LOCUS Animation
328,LX Animation Studio
329,Laftel
330,LandQ studios
331,Lapin Track
332,Larx Entertainment
333,Lay-duce
334,Lerche
335,Lesprit
336,Liber
337,Liberty Animation Studio
338,Light Chaser Animation
339,Liliyabi
340,LinQ
341,Lingke Culture
342,Lingsanwu Animation
343,Live2D Creative Studio
344,Liyu Culture
345,L² Studio
346,M.S.C
347,MADHOUSE
348,MAKING ANIMATION
349,MANAA ANIMATION
350,MAPPA
351,MARU animation
352,MMDGP
353,MMT
354,MOE
355,MOJO
356,MORIE Inc.
357,MUSUHI
358,Magia Doraglier
359,Magic Bus
360,Magilm Pictures
361,Maho Film
362,Mainichi Eigasha
363,Majin petit
364,Makaria
365,ManHoo Culture
366,Mandrill Picture Corp
367,Maple Toon
368,Marvy Jack
369,Marza Animation Planet
370,Maten Animation
371,Meditation With a Pencil
372,Medo
373,Mili Digital
374,Mili Pictures
375,Millepensee
376,Minakata Laboratory
377,Miota Studio
378,Mirai Film
379,Miyu Productions
380,Monster's Egg
381,MontBlanc Pictures
382,Mote Stop-Motion Animation
383,Motion Magic
384,Mousou Senka
385,NAGOMI
386,NAMU Animation
387,NAS
388,NAZ
389,NEWON
390,NICHICALINE
391,NOKID
392,NOTHING NEW
393,NUT
394,Netflix Anime Creators' Base
395,NewGeneration
396,Nexus
397,Nice Boat Animation
398,Nippon Animation
399,Nomad
400,Noovo Inc.
401,Nur
402,Nur edel
403,Nyan Pollution-ω-
404,ODDJOB
405,OLM
406,ORENDA
407,OTOIRO
408,OUTLINE
409,OZ
410,Ocon Studios
411,October Media
412,Okuruto Noboru
413,Onakama
414,One & All Animation Studio
415,One Punch
416,Opera House
417,Orange
418,Orcen
419,Oriental Creative Color
420,Origin Animation
421,Origin Chasing
422,Original Force
423,P.A.WORKS
424,P.I.C.S.
425,PIERROT FILMS
426,PINE JAM
427,POLYGON PICTURES
428,PRA
429,Pai Naodai Animation
430,Painted Edge
431,Paintfree
432,Painting Dream
433,Pancake
434,Panda Tower Studio
435,Paper Plane Animation Studio
436,Pass Media
437,Passion Paint Animation
438,Passione
439,Pb Animation
440,Peak Hunt
441,Perfect Kunpeng
442,Picante Circus
443,Pie in the sky
444,Pierce Visual Works
445,Pili International Multimedia
446,Pingo Entertainment
447,Piso Studio
448,Planet Cartoon
449,Planet Studios
450,Platinum Vision
451,Plott
452,PoRO petit
453,Point Five Creations
454,Point Pictures
455,Poly Animation
456,Polygon Magic
457,Production +h
458,Production I.G
459,Production Kai
460,Project Studio Q
461,Psyde Kick Studio
462,Pure Arts
463,Qingxiang
464,Qiying Animation
465,Qiyuan Yinghua
466,Quad
467,Qubic Pictures
468,Quebico
469,Queen Bee
470,Qzil.la
471,R11R
472,REGARO
473,REIRS
474,REVOROOT
475,ROCK'N ROLL MOUNTAIN
476,ROLL2
477,Rabbit Gate
478,Raiose
479,Rastar
480,Red Dog Culture House
481,Reike Eyes Animation
482,Rising Force
483,Robot
484,Rocen
485,Rouseact
486,Ruichen Pictures
487,Ruo Hong Culture
488,Ryuu M's
489,S.o.K
490,SAFEHOUSE
491,SAKURAPRIN Animation
492,SAMG Animation
493,SANZIGEN
494,SIGNIF
495,SILVER LINK.
496,SJYNEXCUS
497,SLEE PRODUCTION
498,SOLA ANIMATION
499,SOUL CREATIVE
500,STEREOTYPE Inc.
501,STUDIO 6'oN
502,STUDIO EEK
503,STUDIO EIGHTCOLORS
504,STUDIO MORIKEN
505,STUDIO POLARIS
506,STUDIO POLON
507,STUDIO PPURI
508,STUDIO SOTA
509,SUGARLESS FACTORY
510,SUPER SUPER
511,SUSPENDERS
512,Saber Project
513,Saber Works
514,Saetta
515,Saiji
516,Sakura Create
517,Salamander Pictures
518,Samsara Studio
519,San Blas Animation
520,Sansan Studio
521,Sasayuri
522,Satelight
523,Science SARU
524,Scooter Films
525,Seven
526,Seven Arcs
527,Seven Stone Entertainment
528,Shaft
529,Shanghai Animation Film Studio
530,Shanghai Phantom Animation
531,Sharefun Studio
532,Sheng Guang Qishi Tuan
533,Shengying Animation
534,Shenman Entertainment
535,Shi Qi Yu Mo
536,Shimogumi
537,Shin-Ei Animation
538,Shion
539,Shirogumi
540,Shobi University
541,Shogakukan Music & Digital Entertainment
542,Shuka
543,Signal.MD
544,Skyloong
545,Soda Bear Animation
546,Soigne
547,Sola Digital Arts
548,Sorajima Studio
549,Sotsu
550,Soular Animation
551,Soyep
552,Space Neko Company
553,Space Shell
554,Sparkly Key Animation
555,Speed
556,Spell Bound
557,Staple Entertainment
558,Star Hunter Animation
559,Starry Cube
560,Story Effect
561,Studio 1st
562,Studio 3Hz
563,Studio 4°C
564,Studio 9 Maiami
565,Studio Add
566,Studio Anima
567,Studio Animal
568,Studio Artegg
569,Studio BAZOOKA
570,Studio Bind
571,Studio Blanc
572,Studio Chizu
573,Studio Chromato
574,Studio Clutch
575,Studio Colorido
576,Studio Comet
577,Studio Crocodile
578,Studio DEEN
579,Studio Durian
580,Studio Flad
581,Studio Fusion
582,Studio G-1Neo
583,Studio Gallop
584,Studio Ghibli
585,Studio Gohan
586,Studio Goindol
587,Studio Gokumi
588,Studio HUIT
589,Studio Hibari
590,Studio Houkiboshi
591,Studio JEMI
592,Studio KAI
593,Studio Kafka
594,Studio Khara
595,Studio LAN
596,Studio Lings
597,Studio Live
598,Studio M2
599,Studio MAGICPOT
600,Studio Massket
601,Studio Mir
602,Studio N
603,Studio Nanahoshi
604,Studio Outrigger
605,Studio Palette
606,Studio Pierrot
607,Studio Ponoc
608,Studio PuYUKAI
609,Studio Roomer
610,Studio SUNHAN
611,Studio Shelter
612,Studio Sign
613,Studio Signpost
614,Studio Silver
615,Studio Tumble
616,Studio VOLN
617,Studio elle
618,StudioGOONEYS
619,Sublimation
620,Success
621,Sunflowers
622,Sunrise
623,Sunrise Beyond
624,Super Normal Studio
625,Suzuki Mirano petit
626,Suzume
627,SynergySP
628,T-REX
629,TANOism
630,TEATRO Nishi Tokyo Studio
631,TECARAT
632,TIA
633,TMS Entertainment
634,TMX Art
635,TNK
636,TOHO animation STUDIO
637,TRCARTOON
638,TRIGGER
639,TROYCA
640,TThunDer Animation
641,TWR Entertainment
642,TYPHOON GRAPHICS
643,Taikong Works
644,Take-Y Inc.
645,Tang Kirin Culture
646,Taomee
647,Tatsunoko Production
648,Team OneOne
649,Team TillDawn
650,Team Yamahitsuji
651,Tear-Studio
652,Teddy
653,Telecom Animation Film
654,Ten Tails Animation
655,Tencent Penguin Pictures
656,Tengu Kobou
657,Tezuka Productions
658,The Answer Studio
659,The Monk Studios
660,Thunder River
661,Thundray
662,Thymos Media
663,Toei Animation
664,Tomason
665,Tomovies
666,Tomoyasu Murata Company
667,Toon Harbor Works
668,Transcendence Picture
669,Trash Studio
670,TriF studio
671,Tsumugi Akita Anime Lab
672,Tsumupapa
673,Tyhoo CG
674,Type ZERO
675,UNEND
676,UOU Studio
677,UWAN Pictures
678,UchuPeople
679,Unity of Knowledge and Action Animation
680,Universal Star Animation
681,VCRWORKS
682,VIGORE
683,Vasoon Animation
684,Vega Entertainment
685,Village Studio
686,Visual Flight
687,Visual Persistence
688,Voil
689,W-Toon Studio
690,WAO World
691,WHITE FOX
692,WIT STUDIO
693,Wawayu Animation
694,Wenzhou Mengbu Anime Design
695,White Lily
696,White Paper Animation
697,WinSing Animation
698,Wolf Smoke Studio
699,WolfsBane
700,Wonder Cat Animation
701,Wonderland
702,XMOV
703,Xebec Zwei
704,Xiaolan Friends
705,Xiaoming Taiji
706,Xiaoying Feiyang Pictures
707,Xing Yi Kai Chen
708,Xiyang Culture
709,Xtorm
710,Xuni Pictures
711,YAMATO WORKS
712,YAMATOWORKS
713,YHKT Entertainment
714,YOYOmiracle
715,"Yamamura Animation, Inc."
716,Yamiken
717,Yaoyorozu
718,Yasuda Genshou Studio by Xenotoon
719,Year Young Culture
720,Yi Animation
721,Yi Chen Animation
722,Yien Animation
723,Yinhe Changxing Culture
724,Yixiang Culture
725,Yofox Culture
726,Yokohama Animation Lab
727,Yostar Pictures
728,Youku
729,Yudubai Animation
730,Yumeta Company
731,ZEXCS
732,ZIZ Entertainment
733,Zero-G
734,Zhongce Picture
735,Ziine Studio
736,animation studio42
737,bees inc.
738,bones
739,bones film
740,d00r works
741,david production
742,diomedéa
743,domerica
744,dwarf
745,entity
746,evg
747,exsa
748,feel.
749,iQIYI
750,l-a-unch・BOX
751,maroyaka
752,matlity
753,maxilla
754,miHoYo Anime
755,mimoid
756,monofilmo
757,pH Studio
758,project No.9
759,qmotri
760,soket
761,studio A-CAT
762,studio CANDY BOX
763,studio LEO
764,studio MOTHER
765,studio Stellation
766,studio daisy
767,studio hb
768,studio keel
769,studio maf
770,studioDOT
771,ufotable
772,wonderium
773,yell
